,CL=F,RUB=X
2021-12-22 21:00:00+00:00,73.02999877929688,73.62310028076172
2021-12-22 23:00:00+00:00,73.08000183105469,73.59929656982422
2021-12-23 00:00:00+00:00,72.91999816894531,73.61869812011719
2021-12-23 01:00:00+00:00,73.08000183105469,73.5999984741211
2021-12-23 02:00:00+00:00,73.13999938964844,73.60379791259766
2021-12-23 03:00:00+00:00,72.88999938964844,73.50299835205078
2021-12-23 04:00:00+00:00,72.94999694824219,73.54830169677734
2021-12-23 05:00:00+00:00,72.91999816894531,73.53600311279297
2021-12-23 06:00:00+00:00,72.8499984741211,73.52999877929688
2021-12-23 07:00:00+00:00,72.7699966430664,73.3230972290039
2021-12-23 08:00:00+00:00,72.5199966430664,73.26300048828125
2021-12-23 09:00:00+00:00,72.58000183105469,73.29399871826172
2021-12-23 10:00:00+00:00,72.7699966430664,73.41100311279297
2021-12-23 11:00:00+00:00,72.94999694824219,73.52932739257812
2021-12-23 12:00:00+00:00,73.0,73.54044342041016
2021-12-23 13:00:00+00:00,73.0999984741211,73.5447998046875
2021-12-23 14:00:00+00:00,72.94000244140625,73.4844970703125
2021-12-23 15:00:00+00:00,73.08000183105469,73.39520263671875
2021-12-23 16:00:00+00:00,73.63999938964844,73.38099670410156
2021-12-23 17:00:00+00:00,73.6500015258789,73.3239974975586
2021-12-23 18:00:00+00:00,73.62000274658203,73.3327407836914
2021-12-23 19:00:00+00:00,73.80999755859375,73.33000183105469
2021-12-23 20:00:00+00:00,73.80999755859375,73.27999877929688
2021-12-23 21:00:00+00:00,73.76000213623047,73.43219757080078
2021-12-27 00:00:00+00:00,73.33000183105469,73.61940002441406
2021-12-27 01:00:00+00:00,73.22000122070312,73.46109771728516
2021-12-27 02:00:00+00:00,73.37000274658203,73.43119812011719
2021-12-27 03:00:00+00:00,73.30000305175781,73.57430267333984
2021-12-27 04:00:00+00:00,73.19000244140625,73.49669647216797
2021-12-27 05:00:00+00:00,73.02999877929688,73.51499938964844
2021-12-27 06:00:00+00:00,72.91000366210938,73.33580017089844
2021-12-27 07:00:00+00:00,72.95999908447266,73.26510620117188
2021-12-27 08:00:00+00:00,72.9800033569336,73.24510192871094
2021-12-27 09:00:00+00:00,73.01000213623047,73.47949981689453
2021-12-27 10:00:00+00:00,73.0,73.4906997680664
2021-12-27 11:00:00+00:00,72.79000091552734,73.48200225830078
2021-12-27 12:00:00+00:00,72.75,73.5342025756836
2021-12-27 13:00:00+00:00,73.44000244140625,73.51959991455078
2021-12-27 14:00:00+00:00,73.55000305175781,73.597900390625
2021-12-27 15:00:00+00:00,75.83000183105469,73.50650024414062
2021-12-27 16:00:00+00:00,75.83999633789062,73.46070098876953
2021-12-27 17:00:00+00:00,75.58000183105469,73.4990005493164
2021-12-27 18:00:00+00:00,75.69999694824219,73.51699829101562
2021-12-27 19:00:00+00:00,75.54000091552734,73.497802734375
2021-12-27 20:00:00+00:00,75.80000305175781,73.42070007324219
2021-12-27 21:00:00+00:00,75.94000244140625,73.44239807128906
2021-12-27 23:00:00+00:00,75.83000183105469,73.37079620361328
2021-12-28 00:00:00+00:00,75.76000213623047,73.3926010131836
2021-12-28 01:00:00+00:00,75.77999877929688,73.38279724121094
2021-12-28 02:00:00+00:00,75.83999633789062,73.42839813232422
2021-12-28 03:00:00+00:00,75.77999877929688,73.23500061035156
2021-12-28 04:00:00+00:00,75.79000091552734,73.4530029296875
2021-12-28 05:00:00+00:00,75.87999725341797,73.39849853515625
2021-12-28 06:00:00+00:00,76.18000030517578,73.4032974243164
2021-12-28 07:00:00+00:00,75.61000061035156,73.53510284423828
2021-12-28 08:00:00+00:00,75.91999816894531,73.5927963256836
2021-12-28 09:00:00+00:00,76.16000366210938,73.614501953125
2021-12-28 10:00:00+00:00,76.75,73.57499694824219
2021-12-28 11:00:00+00:00,76.68000030517578,73.54190063476562
2021-12-28 12:00:00+00:00,76.66999816894531,73.6356430053711
2021-12-28 13:00:00+00:00,76.27999877929688,73.64240264892578
2021-12-28 14:00:00+00:00,76.2300033569336,73.82470703125
2021-12-28 15:00:00+00:00,76.0199966430664,73.77973937988281
2021-12-28 16:00:00+00:00,76.08999633789062,73.73200225830078
2021-12-28 17:00:00+00:00,75.94000244140625,73.73393249511719
2021-12-28 18:00:00+00:00,76.0,73.73999786376953
2021-12-28 19:00:00+00:00,75.91999816894531,73.71099853515625
2021-12-28 20:00:00+00:00,75.97000122070312,73.73500061035156
2021-12-28 21:00:00+00:00,76.05000305175781,73.552001953125
2021-12-28 23:00:00+00:00,76.12999725341797,73.6449966430664
2021-12-29 00:00:00+00:00,76.25,73.70829772949219
2021-12-29 01:00:00+00:00,76.11000061035156,73.64459991455078
2021-12-29 02:00:00+00:00,75.9800033569336,73.69550323486328
2021-12-29 03:00:00+00:00,75.98999786376953,73.72899627685547
2021-12-29 04:00:00+00:00,75.94999694824219,73.74819946289062
2021-12-29 05:00:00+00:00,75.94000244140625,73.71849822998047
2021-12-29 06:00:00+00:00,76.13999938964844,73.78479766845703
2021-12-29 07:00:00+00:00,76.16999816894531,73.66940307617188
2021-12-29 08:00:00+00:00,76.16999816894531,73.64700317382812
2021-12-29 09:00:00+00:00,76.0,73.66449737548828
2021-12-29 10:00:00+00:00,75.86000061035156,73.80680847167969
2021-12-29 11:00:00+00:00,75.55000305175781,73.71320343017578
2021-12-29 12:00:00+00:00,75.4800033569336,73.92150115966797
2021-12-29 13:00:00+00:00,75.7300033569336,74.03199768066406
2021-12-29 14:00:00+00:00,75.83000183105469,73.98223114013672
2021-12-29 15:00:00+00:00,77.06999969482422,74.17603302001953
2021-12-29 16:00:00+00:00,75.76000213623047,74.1642074584961
2021-12-29 17:00:00+00:00,76.33000183105469,74.09384155273438
2021-12-29 18:00:00+00:00,76.51000213623047,74.07060241699219
2021-12-29 19:00:00+00:00,76.44999694824219,74.06279754638672
2021-12-29 20:00:00+00:00,76.4800033569336,74.01329803466797
2021-12-29 21:00:00+00:00,76.58999633789062,73.63999938964844
2021-12-29 23:00:00+00:00,76.56999969482422,74.0020980834961
2021-12-30 00:00:00+00:00,76.47000122070312,74.10669708251953
2021-12-30 01:00:00+00:00,76.81999969482422,74.00260162353516
2021-12-30 02:00:00+00:00,76.93000030517578,73.81500244140625
2021-12-30 03:00:00+00:00,76.81999969482422,73.9800033569336
2021-12-30 04:00:00+00:00,76.83999633789062,74.10299682617188
2021-12-30 05:00:00+00:00,76.55000305175781,74.18710327148438
2021-12-30 06:00:00+00:00,76.70999908447266,74.2020034790039
2021-12-30 07:00:00+00:00,76.25,74.27300262451172
2021-12-30 08:00:00+00:00,76.4000015258789,74.56520080566406
2021-12-30 09:00:00+00:00,76.31999969482422,74.78600311279297
2021-12-30 10:00:00+00:00,75.87999725341797,74.69349670410156
2021-12-30 11:00:00+00:00,76.12999725341797,74.89749908447266
2021-12-30 12:00:00+00:00,76.2300033569336,74.78974151611328
2021-12-30 13:00:00+00:00,76.2300033569336,74.75409698486328
2021-12-30 14:00:00+00:00,77.02999877929688,74.66799926757812
2021-12-30 15:00:00+00:00,76.9000015258789,74.62889862060547
2021-12-30 16:00:00+00:00,76.94999694824219,74.80770111083984
2021-12-30 17:00:00+00:00,76.94999694824219,74.58463287353516
2021-12-30 18:00:00+00:00,76.91000366210938,74.67639923095703
2021-12-30 19:00:00+00:00,76.68000030517578,74.58599853515625
2021-12-30 20:00:00+00:00,76.51000213623047,74.66619873046875
2021-12-30 21:00:00+00:00,76.45999908447266,74.68679809570312
2021-12-30 23:00:00+00:00,76.3499984741211,74.2969970703125
2021-12-31 00:00:00+00:00,76.2699966430664,74.56790161132812
2021-12-31 01:00:00+00:00,76.44000244140625,74.4896011352539
2021-12-31 02:00:00+00:00,76.33000183105469,74.50330352783203
2021-12-31 03:00:00+00:00,76.61000061035156,74.40370178222656
2021-12-31 04:00:00+00:00,76.58999633789062,74.51100158691406
2021-12-31 05:00:00+00:00,76.70999908447266,74.54920196533203
2021-12-31 06:00:00+00:00,76.93000030517578,74.56120300292969
2021-12-31 07:00:00+00:00,76.95999908447266,74.83799743652344
2021-12-31 08:00:00+00:00,76.5199966430664,74.9469985961914
2021-12-31 09:00:00+00:00,76.52999877929688,74.91899871826172
2021-12-31 10:00:00+00:00,76.25,74.88829803466797
2021-12-31 11:00:00+00:00,75.94000244140625,75.05542755126953
2021-12-31 12:00:00+00:00,75.7699966430664,75.3239974975586
2021-12-31 13:00:00+00:00,75.55000305175781,75.22541046142578
2021-12-31 14:00:00+00:00,76.18000030517578,74.89199829101562
2021-12-31 15:00:00+00:00,76.19999694824219,74.9749984741211
2021-12-31 16:00:00+00:00,75.69000244140625,75.00126647949219
2021-12-31 17:00:00+00:00,75.58999633789062,75.0639419555664
2021-12-31 18:00:00+00:00,75.23999786376953,74.9625015258789
2021-12-31 19:00:00+00:00,75.37999725341797,75.0199966430664
2021-12-31 20:00:00+00:00,75.44999694824219,74.84030151367188
2021-12-31 21:00:00+00:00,75.44999694824219,75.06500244140625
2022-01-03 00:00:00+00:00,75.9000015258789,74.70480346679688
2022-01-03 01:00:00+00:00,75.63999938964844,75.00330352783203
2022-01-03 02:00:00+00:00,75.48999786376953,74.70860290527344
2022-01-03 03:00:00+00:00,75.79000091552734,74.82949829101562
2022-01-03 04:00:00+00:00,75.75,75.11699676513672
2022-01-03 05:00:00+00:00,75.83999633789062,74.97480010986328
2022-01-03 06:00:00+00:00,75.83000183105469,74.84500122070312
2022-01-03 07:00:00+00:00,75.98999786376953,74.59700012207031
2022-01-03 08:00:00+00:00,76.19000244140625,74.44159698486328
2022-01-03 09:00:00+00:00,76.2300033569336,74.31199645996094
2022-01-03 10:00:00+00:00,76.20999908447266,74.32250213623047
2022-01-03 11:00:00+00:00,75.80000305175781,74.17330169677734
2022-01-03 12:00:00+00:00,75.37999725341797,74.36180114746094
2022-01-03 13:00:00+00:00,74.69999694824219,74.41110229492188
2022-01-03 14:00:00+00:00,75.33000183105469,74.6018295288086
2022-01-03 15:00:00+00:00,75.61000061035156,74.75959777832031
2022-01-03 16:00:00+00:00,76.08999633789062,74.56999969482422
2022-01-03 17:00:00+00:00,76.33999633789062,74.54000091552734
2022-01-03 18:00:00+00:00,75.8499984741211,74.56993103027344
2022-01-03 19:00:00+00:00,76.08000183105469,74.5
2022-01-03 20:00:00+00:00,75.94999694824219,74.50299835205078
2022-01-03 21:00:00+00:00,75.98999786376953,74.1500015258789
2022-01-03 23:00:00+00:00,75.95999908447266,74.3927001953125
2022-01-04 00:00:00+00:00,76.0,74.47669982910156
2022-01-04 01:00:00+00:00,76.11000061035156,74.47589874267578
2022-01-04 02:00:00+00:00,76.04000091552734,74.47260284423828
2022-01-04 03:00:00+00:00,76.22000122070312,74.47769927978516
2022-01-04 04:00:00+00:00,76.41000366210938,74.42749786376953
2022-01-04 05:00:00+00:00,76.27999877929688,74.60099792480469
2022-01-04 06:00:00+00:00,76.16999816894531,74.64800262451172
2022-01-04 07:00:00+00:00,76.01000213623047,74.7083969116211
2022-01-04 08:00:00+00:00,76.26000213623047,74.93000030517578
2022-01-04 09:00:00+00:00,76.44999694824219,74.9132080078125
2022-01-04 10:00:00+00:00,76.68000030517578,74.99099731445312
2022-01-04 11:00:00+00:00,76.29000091552734,75.11380004882812
2022-01-04 12:00:00+00:00,76.51000213623047,75.3219985961914
2022-01-04 13:00:00+00:00,76.86000061035156,75.35199737548828
2022-01-04 14:00:00+00:00,77.37000274658203,75.43479919433594
2022-01-04 15:00:00+00:00,77.19999694824219,75.17630004882812
2022-01-04 16:00:00+00:00,77.19999694824219,75.1729965209961
2022-01-04 17:00:00+00:00,77.16000366210938,75.26982879638672
2022-01-04 18:00:00+00:00,77.19000244140625,75.36582946777344
2022-01-04 19:00:00+00:00,76.97000122070312,75.28260040283203
2022-01-04 20:00:00+00:00,76.97000122070312,75.3427963256836
2022-01-04 21:00:00+00:00,77.20999908447266,74.59100341796875
2022-01-04 23:00:00+00:00,77.05000305175781,75.29840087890625
2022-01-05 00:00:00+00:00,77.05999755859375,75.18379974365234
2022-01-05 01:00:00+00:00,76.80999755859375,75.0739974975586
2022-01-05 02:00:00+00:00,76.72000122070312,75.35189819335938
2022-01-05 03:00:00+00:00,76.86000061035156,75.14099884033203
2022-01-05 04:00:00+00:00,76.7699966430664,75.49199676513672
2022-01-05 05:00:00+00:00,76.87999725341797,75.60759735107422
2022-01-05 06:00:00+00:00,77.08999633789062,75.41459655761719
2022-01-05 07:00:00+00:00,76.98999786376953,75.73924255371094
2022-01-05 08:00:00+00:00,76.72000122070312,75.8147964477539
2022-01-05 09:00:00+00:00,76.93000030517578,75.79660034179688
2022-01-05 10:00:00+00:00,76.97000122070312,75.70372772216797
2022-01-05 11:00:00+00:00,77.01000213623047,75.75350189208984
2022-01-05 12:00:00+00:00,77.19999694824219,75.75700378417969
2022-01-05 13:00:00+00:00,78.01000213623047,75.78211212158203
2022-01-05 14:00:00+00:00,78.12000274658203,75.4520034790039
2022-01-05 15:00:00+00:00,78.27999877929688,75.70600128173828
2022-01-05 16:00:00+00:00,78.31999969482422,76.11100006103516
2022-01-05 17:00:00+00:00,78.41000366210938,76.0270004272461
2022-01-05 18:00:00+00:00,78.27999877929688,76.08999633789062
2022-01-05 19:00:00+00:00,77.62000274658203,76.52690124511719
2022-01-05 20:00:00+00:00,77.0199966430664,76.75859832763672
2022-01-05 21:00:00+00:00,77.19000244140625,76.6688003540039
2022-01-05 23:00:00+00:00,77.19999694824219,76.69170379638672
2022-01-06 00:00:00+00:00,77.31999969482422,76.61849975585938
2022-01-06 01:00:00+00:00,77.0199966430664,76.57479858398438
2022-01-06 02:00:00+00:00,77.0999984741211,76.58619689941406
2022-01-06 03:00:00+00:00,76.77999877929688,76.71610260009766
2022-01-06 04:00:00+00:00,76.8499984741211,77.06220245361328
2022-01-06 05:00:00+00:00,77.12999725341797,76.9303970336914
2022-01-06 06:00:00+00:00,77.1500015258789,76.7697982788086
2022-01-06 07:00:00+00:00,77.44000244140625,76.95130157470703
2022-01-06 08:00:00+00:00,77.87000274658203,77.01891326904297
2022-01-06 09:00:00+00:00,78.16000366210938,76.6556167602539
2022-01-06 10:00:00+00:00,79.01000213623047,76.15799713134766
2022-01-06 11:00:00+00:00,78.7699966430664,76.25489807128906
2022-01-06 12:00:00+00:00,79.13999938964844,76.31204223632812
2022-01-06 13:00:00+00:00,79.86000061035156,76.80793762207031
2022-01-06 14:00:00+00:00,79.75,76.87525177001953
2022-01-06 15:00:00+00:00,79.58999633789062,76.38350677490234
2022-01-06 16:00:00+00:00,80.0,76.42330169677734
2022-01-06 17:00:00+00:00,79.3499984741211,76.36978149414062
2022-01-06 18:00:00+00:00,79.29000091552734,76.35800170898438
2022-01-06 19:00:00+00:00,79.68000030517578,76.30699920654297
2022-01-06 20:00:00+00:00,79.4800033569336,76.23899841308594
2022-01-06 21:00:00+00:00,79.6500015258789,76.20700073242188
2022-01-06 23:00:00+00:00,79.5,76.3541030883789
2022-01-07 00:00:00+00:00,79.56999969482422,76.1969985961914
2022-01-07 01:00:00+00:00,80.11000061035156,76.25409698486328
2022-01-07 02:00:00+00:00,80.12000274658203,76.27570343017578
2022-01-07 03:00:00+00:00,80.16000366210938,76.22129821777344
2022-01-07 04:00:00+00:00,80.12000274658203,76.05400085449219
2022-01-07 05:00:00+00:00,80.23999786376953,76.14299774169922
2022-01-07 06:00:00+00:00,80.41999816894531,76.32599639892578
2022-01-07 07:00:00+00:00,80.08999633789062,76.11990356445312
2022-01-07 08:00:00+00:00,79.98999786376953,75.76799774169922
2022-01-07 09:00:00+00:00,80.2300033569336,75.6719970703125
2022-01-07 10:00:00+00:00,80.26000213623047,75.81999969482422
2022-01-07 11:00:00+00:00,79.88999938964844,75.80880737304688
2022-01-07 12:00:00+00:00,79.9800033569336,75.47142791748047
2022-01-07 13:00:00+00:00,79.95999908447266,75.56379699707031
2022-01-07 14:00:00+00:00,79.51000213623047,75.22509765625
2022-01-07 15:00:00+00:00,78.91999816894531,75.24330139160156
2022-01-07 16:00:00+00:00,79.04000091552734,75.25019836425781
2022-01-07 17:00:00+00:00,78.75,75.30899810791016
2022-01-07 18:00:00+00:00,78.69999694824219,75.45500183105469
2022-01-07 19:00:00+00:00,78.75,75.49517059326172
2022-01-07 20:00:00+00:00,79.08000183105469,75.79100036621094
2022-01-07 21:00:00+00:00,78.94000244140625,75.80500030517578
2022-01-10 00:00:00+00:00,78.63999938964844,75.70040130615234
2022-01-10 01:00:00+00:00,78.80000305175781,75.41600036621094
2022-01-10 02:00:00+00:00,79.06999969482422,75.54609680175781
2022-01-10 03:00:00+00:00,79.05999755859375,75.51820373535156
2022-01-10 04:00:00+00:00,79.05999755859375,75.39659881591797
2022-01-10 05:00:00+00:00,78.94999694824219,75.45099639892578
2022-01-10 06:00:00+00:00,79.0199966430664,75.30899810791016
2022-01-10 07:00:00+00:00,79.22000122070312,74.99310302734375
2022-01-10 08:00:00+00:00,78.87000274658203,75.09459686279297
2022-01-10 09:00:00+00:00,79.12000274658203,74.91639709472656
2022-01-10 10:00:00+00:00,78.8499984741211,74.98004150390625
2022-01-10 11:00:00+00:00,78.7699966430664,74.956298828125
2022-01-10 12:00:00+00:00,78.38999938964844,75.04129791259766
2022-01-10 13:00:00+00:00,78.7699966430664,75.04000091552734
2022-01-10 14:00:00+00:00,78.48999786376953,75.1885986328125
2022-01-10 15:00:00+00:00,78.69000244140625,75.26270294189453
2022-01-10 16:00:00+00:00,78.37999725341797,75.0978012084961
2022-01-10 17:00:00+00:00,78.25,75.20771026611328
2022-01-10 18:00:00+00:00,78.44000244140625,75.14700317382812
2022-01-10 19:00:00+00:00,78.16000366210938,75.16899871826172
2022-01-10 20:00:00+00:00,78.41999816894531,74.94229888916016
2022-01-10 21:00:00+00:00,78.43000030517578,74.86519622802734
2022-01-10 23:00:00+00:00,78.56999969482422,75.33529663085938
2022-01-11 00:00:00+00:00,78.56999969482422,75.1134033203125
2022-01-11 01:00:00+00:00,78.5199966430664,74.85299682617188
2022-01-11 02:00:00+00:00,78.80000305175781,74.85299682617188
2022-01-11 03:00:00+00:00,78.7699966430664,74.85299682617188
2022-01-11 04:00:00+00:00,78.73999786376953,74.91000366210938
2022-01-11 05:00:00+00:00,78.7699966430664,74.9209976196289
2022-01-11 06:00:00+00:00,78.73999786376953,74.92900085449219
2022-01-11 07:00:00+00:00,78.93000030517578,74.7843017578125
2022-01-11 08:00:00+00:00,79.19000244140625,74.8667984008789
2022-01-11 09:00:00+00:00,79.38999938964844,74.9010009765625
2022-01-11 10:00:00+00:00,79.37999725341797,74.93009948730469
2022-01-11 11:00:00+00:00,79.44999694824219,74.8196029663086
2022-01-11 12:00:00+00:00,79.5,74.92839813232422
2022-01-11 13:00:00+00:00,79.41000366210938,74.92371368408203
2022-01-11 14:00:00+00:00,79.08000183105469,74.88459777832031
2022-01-11 15:00:00+00:00,79.91000366210938,74.57491302490234
2022-01-11 16:00:00+00:00,81.05999755859375,74.52249908447266
2022-01-11 17:00:00+00:00,81.38999938964844,74.57170104980469
2022-01-11 18:00:00+00:00,81.08000183105469,74.54168701171875
2022-01-11 19:00:00+00:00,81.4000015258789,74.49463653564453
2022-01-11 20:00:00+00:00,81.44000244140625,74.39659881591797
2022-01-11 21:00:00+00:00,81.33000183105469,74.39019775390625
2022-01-11 23:00:00+00:00,81.30000305175781,74.38400268554688
2022-01-12 00:00:00+00:00,81.37999725341797,74.45890045166016
2022-01-12 01:00:00+00:00,81.36000061035156,74.42630004882812
2022-01-12 02:00:00+00:00,81.51000213623047,74.43370056152344
2022-01-12 03:00:00+00:00,81.30000305175781,74.39700317382812
2022-01-12 04:00:00+00:00,81.25,74.38600158691406
2022-01-12 05:00:00+00:00,81.41999816894531,74.32499694824219
2022-01-12 06:00:00+00:00,81.19999694824219,74.4990005493164
2022-01-12 07:00:00+00:00,81.3499984741211,74.56130981445312
2022-01-12 08:00:00+00:00,81.76000213623047,74.5009994506836
2022-01-12 09:00:00+00:00,81.5,74.43219757080078
2022-01-12 10:00:00+00:00,81.6500015258789,74.47660064697266
2022-01-12 11:00:00+00:00,81.9000015258789,74.53450012207031
2022-01-12 12:00:00+00:00,81.4800033569336,74.50630950927734
2022-01-12 13:00:00+00:00,82.1500015258789,74.4020004272461
2022-01-12 14:00:00+00:00,82.18000030517578,74.65711212158203
2022-01-12 15:00:00+00:00,82.38999938964844,74.8373031616211
2022-01-12 16:00:00+00:00,82.88999938964844,74.69599914550781
2022-01-12 17:00:00+00:00,82.87000274658203,74.70800018310547
2022-01-12 18:00:00+00:00,82.73999786376953,74.79199981689453
2022-01-12 19:00:00+00:00,82.54000091552734,74.7437973022461
2022-01-12 20:00:00+00:00,82.72000122070312,74.68199920654297
2022-01-12 21:00:00+00:00,82.76000213623047,74.47869873046875
2022-01-12 23:00:00+00:00,82.75,74.44999694824219
2022-01-13 00:00:00+00:00,82.83000183105469,74.39600372314453
2022-01-13 01:00:00+00:00,82.62000274658203,74.60299682617188
2022-01-13 02:00:00+00:00,82.62999725341797,74.57389831542969
2022-01-13 03:00:00+00:00,82.47000122070312,74.59100341796875
2022-01-13 04:00:00+00:00,82.45999908447266,74.65499877929688
2022-01-13 05:00:00+00:00,82.29000091552734,74.63800048828125
2022-01-13 06:00:00+00:00,82.43000030517578,74.57350158691406
2022-01-13 07:00:00+00:00,82.37000274658203,74.58902740478516
2022-01-13 08:00:00+00:00,82.66000366210938,74.62799835205078
2022-01-13 09:00:00+00:00,82.76000213623047,74.58760070800781
2022-01-13 10:00:00+00:00,82.62999725341797,74.64720153808594
2022-01-13 11:00:00+00:00,82.62999725341797,75.11689758300781
2022-01-13 12:00:00+00:00,82.20999908447266,75.58853912353516
2022-01-13 13:00:00+00:00,82.37999725341797,75.51119995117188
2022-01-13 14:00:00+00:00,82.70999908447266,75.88520812988281
2022-01-13 15:00:00+00:00,81.95999908447266,76.23860168457031
2022-01-13 16:00:00+00:00,82.7300033569336,76.15499877929688
2022-01-13 17:00:00+00:00,82.27999877929688,76.18350219726562
2022-01-13 18:00:00+00:00,82.41000366210938,76.1659164428711
2022-01-13 19:00:00+00:00,81.7699966430664,76.17803192138672
2022-01-13 20:00:00+00:00,81.48999786376953,76.25900268554688
2022-01-13 21:00:00+00:00,81.69999694824219,76.36499786376953
2022-01-13 23:00:00+00:00,81.80999755859375,76.2572021484375
2022-01-14 00:00:00+00:00,81.69999694824219,76.20099639892578
2022-01-14 01:00:00+00:00,81.7699966430664,76.17400360107422
2022-01-14 02:00:00+00:00,81.9000015258789,76.24359893798828
2022-01-14 03:00:00+00:00,81.77999877929688,76.30870056152344
2022-01-14 04:00:00+00:00,81.8499984741211,76.19499969482422
2022-01-14 05:00:00+00:00,82.0,76.08999633789062
2022-01-14 06:00:00+00:00,82.18000030517578,75.96099853515625
2022-01-14 07:00:00+00:00,82.23999786376953,75.78669738769531
2022-01-14 08:00:00+00:00,82.5999984741211,75.75933074951172
2022-01-14 09:00:00+00:00,82.69999694824219,76.06890106201172
2022-01-14 10:00:00+00:00,83.05000305175781,76.25980377197266
2022-01-14 11:00:00+00:00,82.76000213623047,76.82479858398438
2022-01-14 12:00:00+00:00,82.29000091552734,76.69487762451172
2022-01-14 13:00:00+00:00,82.19000244140625,76.44840240478516
2022-01-14 14:00:00+00:00,83.0199966430664,76.10279846191406
2022-01-14 15:00:00+00:00,82.93000030517578,76.15290069580078
2022-01-14 16:00:00+00:00,82.79000091552734,76.21700286865234
2022-01-14 17:00:00+00:00,84.11000061035156,76.4229965209961
2022-01-14 18:00:00+00:00,83.95999908447266,76.32250213623047
2022-01-14 19:00:00+00:00,83.80999755859375,76.30072784423828
2022-01-14 20:00:00+00:00,84.23999786376953,76.20670318603516
2022-01-14 21:00:00+00:00,84.2699966430664,76.36510467529297
2022-01-17 00:00:00+00:00,84.37999725341797,76.24559783935547
2022-01-17 01:00:00+00:00,84.5199966430664,76.24250030517578
2022-01-17 02:00:00+00:00,84.23999786376953,76.18299865722656
2022-01-17 03:00:00+00:00,84.22000122070312,76.02200317382812
2022-01-17 04:00:00+00:00,84.12000274658203,76.23390197753906
2022-01-18 05:00:00+00:00,85.1500015258789,76.16899871826172
2022-01-18 06:00:00+00:00,85.4000015258789,76.13400268554688
2022-01-18 07:00:00+00:00,85.69000244140625,76.27831268310547
2022-01-18 08:00:00+00:00,85.06999969482422,76.44400024414062
2022-01-18 09:00:00+00:00,85.06999969482422,76.64340209960938
2022-01-18 10:00:00+00:00,85.38999938964844,76.4702377319336
2022-01-18 11:00:00+00:00,84.86000061035156,76.53700256347656
2022-01-18 12:00:00+00:00,84.9000015258789,76.4441909790039
2022-01-18 13:00:00+00:00,85.38999938964844,76.50900268554688
2022-01-18 14:00:00+00:00,85.01000213623047,76.60761260986328
2022-01-18 15:00:00+00:00,85.05999755859375,76.802001953125
2022-01-18 16:00:00+00:00,85.1500015258789,76.66999816894531
2022-01-18 17:00:00+00:00,84.77999877929688,76.87799835205078
2022-01-18 18:00:00+00:00,85.30999755859375,76.95099639892578
2022-01-18 19:00:00+00:00,85.83000183105469,76.95379638671875
2022-01-18 20:00:00+00:00,85.86000061035156,76.97380065917969
2022-01-18 21:00:00+00:00,86.55999755859375,77.03299713134766
2022-01-18 23:00:00+00:00,86.80000305175781,76.93720245361328
2022-01-19 00:00:00+00:00,86.79000091552734,76.9529037475586
2022-01-19 01:00:00+00:00,86.91999816894531,76.88200378417969
2022-01-19 02:00:00+00:00,86.75,76.86000061035156
2022-01-19 03:00:00+00:00,86.62000274658203,76.93299865722656
2022-01-19 04:00:00+00:00,86.54000091552734,76.95870208740234
2022-01-19 05:00:00+00:00,86.5199966430664,77.02999877929688
2022-01-19 06:00:00+00:00,86.13999938964844,77.01100158691406
2022-01-19 07:00:00+00:00,86.1500015258789,76.76129913330078
2022-01-19 08:00:00+00:00,85.95999908447266,76.86799621582031
2022-01-19 09:00:00+00:00,86.55999755859375,76.47750091552734
2022-01-19 10:00:00+00:00,86.72000122070312,76.4801025390625
2022-01-19 11:00:00+00:00,86.4000015258789,76.01899719238281
2022-01-19 12:00:00+00:00,86.04000091552734,76.10549926757812
2022-01-19 13:00:00+00:00,86.16000366210938,76.22689819335938
2022-01-19 14:00:00+00:00,86.68000030517578,76.54740142822266
2022-01-19 15:00:00+00:00,87.08999633789062,76.46900177001953
2022-01-19 16:00:00+00:00,87.68000030517578,76.34870147705078
2022-01-19 17:00:00+00:00,87.19999694824219,76.36399841308594
2022-01-19 18:00:00+00:00,86.69000244140625,76.24800109863281
2022-01-19 19:00:00+00:00,86.61000061035156,76.1268310546875
2022-01-19 20:00:00+00:00,86.5,76.14600372314453
2022-01-19 21:00:00+00:00,86.16999816894531,76.17500305175781
2022-01-19 23:00:00+00:00,86.13999938964844,76.15499877929688
2022-01-20 00:00:00+00:00,86.31999969482422,76.39119720458984
2022-01-20 01:00:00+00:00,86.0,76.44619750976562
2022-01-20 02:00:00+00:00,86.55000305175781,76.15029907226562
2022-01-20 03:00:00+00:00,87.05999755859375,76.08799743652344
2022-01-20 04:00:00+00:00,87.08999633789062,76.0459976196289
2022-01-20 05:00:00+00:00,87.2699966430664,76.13390350341797
2022-01-20 06:00:00+00:00,86.93000030517578,76.11499786376953
2022-01-20 07:00:00+00:00,86.9000015258789,76.43750762939453
2022-01-20 08:00:00+00:00,86.68000030517578,76.66629791259766
2022-01-20 09:00:00+00:00,86.66999816894531,76.52899932861328
2022-01-20 10:00:00+00:00,86.72000122070312,76.60649871826172
2022-01-20 11:00:00+00:00,86.66999816894531,76.68000030517578
2022-01-20 12:00:00+00:00,86.33999633789062,76.625732421875
2022-01-20 13:00:00+00:00,86.5999984741211,76.60399627685547
2022-01-20 14:00:00+00:00,86.88999938964844,76.5553970336914
2022-01-20 15:00:00+00:00,87.47000122070312,76.38532257080078
2022-01-20 16:00:00+00:00,87.6500015258789,76.55899810791016
2022-01-20 17:00:00+00:00,87.12000274658203,76.53900146484375
2022-01-20 18:00:00+00:00,86.9000015258789,76.55232238769531
2022-01-20 19:00:00+00:00,86.29000091552734,76.60099792480469
2022-01-21 10:00:00+00:00,84.29000091552734,76.54299926757812
2022-01-21 11:00:00+00:00,84.19999694824219,76.60252380371094
2022-01-21 12:00:00+00:00,84.04000091552734,76.36000061035156
2022-01-21 13:00:00+00:00,85.12000274658203,76.63842010498047
2022-01-21 14:00:00+00:00,84.3499984741211,77.04039764404297
2022-01-21 15:00:00+00:00,85.13999938964844,77.31182098388672
2022-01-21 16:00:00+00:00,84.93000030517578,77.15310668945312
2022-01-21 17:00:00+00:00,84.97000122070312,77.25141906738281
2022-01-21 18:00:00+00:00,84.97000122070312,77.40889739990234
2022-01-21 19:00:00+00:00,84.94000244140625,77.49331665039062
2022-01-21 20:00:00+00:00,84.80999755859375,77.4728012084961
2022-01-21 21:00:00+00:00,84.83000183105469,77.73999786376953
2022-01-24 00:00:00+00:00,85.83999633789062,77.36750030517578
2022-01-24 01:00:00+00:00,86.01000213623047,77.37079620361328
2022-01-24 02:00:00+00:00,85.81999969482422,77.17890167236328
2022-01-24 03:00:00+00:00,85.80999755859375,77.24539947509766
2022-01-24 04:00:00+00:00,85.83000183105469,77.08260345458984
2022-01-24 05:00:00+00:00,85.77999877929688,77.0989990234375
2022-01-24 06:00:00+00:00,85.63999938964844,77.05229949951172
2022-01-24 07:00:00+00:00,85.69000244140625,77.28550720214844
2022-01-24 08:00:00+00:00,85.43000030517578,77.81269836425781
2022-01-24 09:00:00+00:00,85.43000030517578,78.064697265625
2022-01-24 10:00:00+00:00,84.94999694824219,78.97325134277344
2022-01-24 11:00:00+00:00,85.3499984741211,79.22309875488281
2022-01-24 12:00:00+00:00,85.0,78.84761047363281
2022-01-24 13:00:00+00:00,83.63999938964844,78.88580322265625
2022-01-24 14:00:00+00:00,82.86000061035156,79.14302062988281
2022-01-24 15:00:00+00:00,83.08999633789062,79.20269775390625
2022-01-24 16:00:00+00:00,82.44000244140625,79.32211303710938
2022-01-24 17:00:00+00:00,83.23999786376953,78.78700256347656
2022-01-24 18:00:00+00:00,83.51000213623047,78.71141052246094
2022-01-24 19:00:00+00:00,83.06999969482422,78.86000061035156
2022-01-24 20:00:00+00:00,83.79000091552734,78.72119903564453
2022-01-24 21:00:00+00:00,84.08000183105469,78.50199890136719
2022-01-24 23:00:00+00:00,84.19000244140625,78.68119812011719
2022-01-25 00:00:00+00:00,83.62000274658203,78.60639953613281
2022-01-25 01:00:00+00:00,83.75,78.68479919433594
2022-01-25 02:00:00+00:00,83.87000274658203,78.77130126953125
2022-01-25 03:00:00+00:00,83.70999908447266,78.82759857177734
2022-01-25 04:00:00+00:00,83.66999816894531,78.7490005493164
2022-01-25 05:00:00+00:00,83.70999908447266,78.51499938964844
2022-01-25 06:00:00+00:00,83.95999908447266,78.43080139160156
2022-01-25 07:00:00+00:00,83.87999725341797,78.7562026977539
2022-01-25 08:00:00+00:00,83.72000122070312,78.68930053710938
2022-01-25 09:00:00+00:00,84.4000015258789,78.55239868164062
2022-01-25 10:00:00+00:00,84.0199966430664,78.4552001953125
2022-01-25 11:00:00+00:00,83.83000183105469,78.5447006225586
2022-01-25 12:00:00+00:00,83.37000274658203,78.73191833496094
2022-01-25 13:00:00+00:00,83.7699966430664,79.00121307373047
2022-01-25 14:00:00+00:00,84.01000213623047,79.16419982910156
2022-01-25 15:00:00+00:00,84.62000274658203,79.26300048828125
2022-01-25 16:00:00+00:00,84.95999908447266,78.9280014038086
2022-01-25 17:00:00+00:00,85.1500015258789,79.05699920654297
2022-01-25 18:00:00+00:00,85.23999786376953,78.56400299072266
2022-01-25 19:00:00+00:00,85.29000091552734,78.56040954589844
2022-01-25 20:00:00+00:00,85.43000030517578,78.6531982421875
2022-01-25 21:00:00+00:00,85.16999816894531,78.4990005493164
2022-01-25 23:00:00+00:00,85.33999633789062,78.71959686279297
2022-01-26 00:00:00+00:00,85.19000244140625,78.77980041503906
2022-01-26 01:00:00+00:00,85.23999786376953,78.6636962890625
2022-01-26 02:00:00+00:00,85.0999984741211,78.69229888916016
2022-01-26 03:00:00+00:00,85.22000122070312,78.75440216064453
2022-01-26 04:00:00+00:00,85.22000122070312,78.65599822998047
2022-01-26 05:00:00+00:00,85.30999755859375,78.58499908447266
2022-01-26 06:00:00+00:00,85.52999877929688,78.74410247802734
2022-01-26 07:00:00+00:00,85.76000213623047,79.0305404663086
2022-01-26 08:00:00+00:00,85.86000061035156,78.89099884033203
2022-01-26 09:00:00+00:00,86.12000274658203,78.94239807128906
2022-01-26 10:00:00+00:00,86.08999633789062,79.10562133789062
2022-01-26 11:00:00+00:00,86.0999984741211,79.11869812011719
2022-01-26 12:00:00+00:00,86.38999938964844,79.1156997680664
2022-01-26 13:00:00+00:00,86.88999938964844,79.12371063232422
2022-01-26 14:00:00+00:00,87.23999786376953,79.21440124511719
2022-01-26 15:00:00+00:00,87.48999786376953,79.85880279541016
2022-01-26 16:00:00+00:00,87.72000122070312,80.03700256347656
2022-01-26 17:00:00+00:00,87.79000091552734,79.5981674194336
2022-01-26 18:00:00+00:00,87.25,79.53759765625
2022-01-26 19:00:00+00:00,87.02999877929688,79.54090881347656
2022-01-26 20:00:00+00:00,86.7300033569336,79.28399658203125
2022-01-26 21:00:00+00:00,87.1500015258789,79.27519989013672
2022-01-26 23:00:00+00:00,87.37999725341797,79.3093032836914
2022-01-27 00:00:00+00:00,87.12999725341797,79.26300048828125
2022-01-27 01:00:00+00:00,86.94000244140625,79.19100189208984
2022-01-27 02:00:00+00:00,86.81999969482422,79.36750030517578
2022-01-27 03:00:00+00:00,86.5,79.50199890136719
2022-01-27 04:00:00+00:00,86.66000366210938,79.59300231933594
2022-01-27 05:00:00+00:00,86.66000366210938,79.55400085449219
2022-01-27 06:00:00+00:00,86.68000030517578,79.63899993896484
2022-01-27 07:00:00+00:00,86.97000122070312,79.15360260009766
2022-01-27 08:00:00+00:00,87.05999755859375,78.4844970703125
2022-01-27 09:00:00+00:00,87.44000244140625,78.70059967041016
2022-01-27 10:00:00+00:00,87.31999969482422,78.52410125732422
2022-01-27 11:00:00+00:00,88.2699966430664,78.67620849609375
2022-01-27 12:00:00+00:00,88.1500015258789,78.00990295410156
2022-01-27 13:00:00+00:00,88.25,77.67420196533203
2022-01-27 14:00:00+00:00,87.77999877929688,77.82630157470703
2022-01-27 15:00:00+00:00,87.33000183105469,77.67481231689453
2022-01-27 16:00:00+00:00,87.43000030517578,77.81999969482422
2022-01-27 17:00:00+00:00,87.16000366210938,77.89790344238281
2022-01-27 18:00:00+00:00,87.05999755859375,77.87000274658203
2022-01-27 19:00:00+00:00,86.26000213623047,77.9540023803711
2022-01-27 20:00:00+00:00,86.97000122070312,77.9800033569336
2022-01-27 21:00:00+00:00,87.29000091552734,77.86900329589844
2022-01-27 23:00:00+00:00,87.37999725341797,78.01959991455078
2022-01-28 00:00:00+00:00,87.30000305175781,78.03500366210938
2022-01-28 01:00:00+00:00,87.02999877929688,78.14440155029297
2022-01-28 02:00:00+00:00,87.2300033569336,77.93489837646484
2022-01-28 03:00:00+00:00,87.1500015258789,77.98799896240234
2022-01-28 04:00:00+00:00,87.05000305175781,77.76300048828125
2022-01-28 05:00:00+00:00,87.33999633789062,77.70099639892578
2022-01-28 06:00:00+00:00,87.13999938964844,77.83100128173828
2022-01-28 07:00:00+00:00,87.4000015258789,77.80171966552734
2022-01-28 08:00:00+00:00,86.98999786376953,78.19999694824219
2022-01-28 09:00:00+00:00,87.11000061035156,77.92800903320312
2022-01-28 10:00:00+00:00,86.91000366210938,77.95630645751953
2022-01-28 11:00:00+00:00,87.30999755859375,77.77224731445312
2022-01-28 12:00:00+00:00,87.33999633789062,77.5020980834961
2022-01-28 13:00:00+00:00,88.2699966430664,77.49189758300781
2022-01-28 14:00:00+00:00,88.73999786376953,77.9372787475586
2022-01-28 15:00:00+00:00,87.72000122070312,78.14399719238281
2022-01-28 16:00:00+00:00,87.77999877929688,77.67748260498047
2022-01-28 17:00:00+00:00,86.91999816894531,77.82599639892578
2022-01-28 18:00:00+00:00,87.11000061035156,77.74400329589844
2022-01-28 19:00:00+00:00,86.97000122070312,77.88838195800781
2022-01-28 20:00:00+00:00,87.20999908447266,78.1511001586914
2022-01-28 21:00:00+00:00,87.29000091552734,78.28600311279297
2022-01-31 00:00:00+00:00,87.9000015258789,77.94840240478516
2022-01-31 01:00:00+00:00,88.02999877929688,77.75499725341797
2022-01-31 02:00:00+00:00,88.02999877929688,77.73600006103516
2022-01-31 03:00:00+00:00,87.9000015258789,77.80879974365234
2022-01-31 04:00:00+00:00,87.8499984741211,77.59190368652344
2022-01-31 05:00:00+00:00,87.83000183105469,77.47599792480469
2022-01-31 06:00:00+00:00,87.91999816894531,77.55799865722656
2022-01-31 07:00:00+00:00,87.76000213623047,77.3998031616211
2022-01-31 08:00:00+00:00,87.77999877929688,77.48248291015625
2022-01-31 09:00:00+00:00,87.47000122070312,77.45597076416016
2022-01-31 10:00:00+00:00,87.63999938964844,77.58300018310547
2022-01-31 11:00:00+00:00,87.12999725341797,77.5790023803711
2022-01-31 12:00:00+00:00,87.26000213623047,77.6132583618164
2022-01-31 13:00:00+00:00,87.47000122070312,77.58380126953125
2022-01-31 14:00:00+00:00,86.87999725341797,77.53579711914062
2022-01-31 15:00:00+00:00,87.2699966430664,77.40779876708984
2022-01-31 16:00:00+00:00,87.29000091552734,77.43099975585938
2022-01-31 17:00:00+00:00,87.79000091552734,77.34780883789062
2022-01-31 18:00:00+00:00,87.83999633789062,77.29119873046875
2022-01-31 19:00:00+00:00,88.1500015258789,77.3280029296875
2022-01-31 20:00:00+00:00,88.33000183105469,77.13099670410156
2022-01-31 21:00:00+00:00,88.1500015258789,77.31999969482422
2022-01-31 23:00:00+00:00,88.37999725341797,77.14900207519531
2022-02-01 00:00:00+00:00,88.47000122070312,77.3311996459961
2022-02-01 01:00:00+00:00,88.20999908447266,77.41280364990234
2022-02-01 02:00:00+00:00,88.31999969482422,77.32630157470703
2022-02-01 03:00:00+00:00,88.4000015258789,77.30030059814453
2022-02-01 04:00:00+00:00,88.4800033569336,77.10549926757812
2022-02-01 05:00:00+00:00,88.47000122070312,77.08000183105469
2022-02-01 06:00:00+00:00,88.30000305175781,77.18199920654297
2022-02-01 07:00:00+00:00,88.02999877929688,77.13939666748047
2022-02-01 08:00:00+00:00,88.1500015258789,77.05780029296875
2022-02-01 09:00:00+00:00,87.20999908447266,77.00509643554688
2022-02-01 10:00:00+00:00,87.95999908447266,76.802001953125
2022-02-01 11:00:00+00:00,87.86000061035156,76.52999877929688
2022-02-01 12:00:00+00:00,87.69999694824219,76.60089874267578
2022-02-01 13:00:00+00:00,87.23999786376953,76.69629669189453
2022-02-01 14:00:00+00:00,87.54000091552734,76.59300231933594
2022-02-01 15:00:00+00:00,88.23999786376953,76.70269775390625
2022-02-01 16:00:00+00:00,87.94000244140625,76.79427337646484
2022-02-01 17:00:00+00:00,88.04000091552734,77.0270004272461
2022-02-01 18:00:00+00:00,87.91000366210938,76.9010009765625
2022-02-01 19:00:00+00:00,87.91999816894531,76.83326721191406
2022-02-01 20:00:00+00:00,88.43000030517578,76.8239974975586
2022-02-01 21:00:00+00:00,88.36000061035156,76.81739807128906
2022-02-01 23:00:00+00:00,88.33999633789062,76.7345962524414
2022-02-02 00:00:00+00:00,88.54000091552734,76.62740325927734
2022-02-02 01:00:00+00:00,88.55000305175781,76.43199920654297
2022-02-02 02:00:00+00:00,88.33000183105469,76.69059753417969
2022-02-02 03:00:00+00:00,88.37999725341797,76.60700225830078
2022-02-02 04:00:00+00:00,88.51000213623047,76.70999908447266
2022-02-02 05:00:00+00:00,88.47000122070312,76.65119934082031
2022-02-02 06:00:00+00:00,88.3499984741211,76.63240051269531
2022-02-02 07:00:00+00:00,88.30999755859375,76.46481323242188
2022-02-02 08:00:00+00:00,88.4000015258789,76.34929656982422
2022-02-02 09:00:00+00:00,88.22000122070312,76.33489990234375
2022-02-02 10:00:00+00:00,88.48999786376953,75.99949645996094
2022-02-02 11:00:00+00:00,88.25,75.98541259765625
2022-02-02 12:00:00+00:00,89.22000122070312,75.81339263916016
2022-02-02 13:00:00+00:00,89.4000015258789,76.1448974609375
2022-02-02 14:00:00+00:00,87.77999877929688,76.3298110961914
2022-02-02 15:00:00+00:00,88.01000213623047,76.2741928100586
2022-02-02 16:00:00+00:00,87.7699966430664,76.43599700927734
2022-02-02 17:00:00+00:00,87.66999816894531,76.23880004882812
2022-02-02 18:00:00+00:00,88.30999755859375,76.12689971923828
2022-02-02 19:00:00+00:00,88.30000305175781,76.11489868164062
2022-02-02 20:00:00+00:00,88.30000305175781,76.01909637451172
2022-02-02 21:00:00+00:00,88.0199966430664,76.40190124511719
2022-02-02 23:00:00+00:00,87.63999938964844,76.12059783935547
2022-02-03 00:00:00+00:00,87.72000122070312,75.95500183105469
2022-02-03 01:00:00+00:00,87.66000366210938,75.96900177001953
2022-02-03 02:00:00+00:00,87.7300033569336,76.0780029296875
2022-02-03 03:00:00+00:00,87.83000183105469,76.0250015258789
2022-02-03 04:00:00+00:00,87.91000366210938,76.28379821777344
2022-02-03 05:00:00+00:00,87.79000091552734,76.21600341796875
2022-02-03 06:00:00+00:00,87.79000091552734,76.4219970703125
2022-02-03 07:00:00+00:00,88.01000213623047,76.6719970703125
2022-02-03 08:00:00+00:00,87.75,76.64179992675781
2022-02-03 09:00:00+00:00,87.37999725341797,76.5801010131836
2022-02-03 10:00:00+00:00,86.87999725341797,76.52649688720703
2022-02-03 11:00:00+00:00,87.08999633789062,76.5007095336914
2022-02-03 12:00:00+00:00,87.2699966430664,76.19249725341797
2022-02-03 13:00:00+00:00,87.43000030517578,76.30879974365234
2022-02-03 14:00:00+00:00,87.31999969482422,76.322998046875
2022-02-03 15:00:00+00:00,88.58999633789062,76.3373031616211
2022-02-03 16:00:00+00:00,88.8499984741211,76.58399963378906
2022-02-03 17:00:00+00:00,88.62999725341797,76.58100128173828
2022-02-03 18:00:00+00:00,90.18000030517578,76.46299743652344
2022-02-03 19:00:00+00:00,90.2300033569336,76.44869232177734
2022-02-03 20:00:00+00:00,90.02999877929688,76.35600280761719
2022-02-03 21:00:00+00:00,90.16999816894531,76.37000274658203
2022-02-03 23:00:00+00:00,90.1500015258789,76.19999694824219
2022-02-04 00:00:00+00:00,90.58000183105469,76.2239990234375
2022-02-04 01:00:00+00:00,90.69999694824219,76.23500061035156
2022-02-04 02:00:00+00:00,90.91000366210938,76.33899688720703
2022-02-04 03:00:00+00:00,90.80999755859375,76.24510192871094
2022-02-04 04:00:00+00:00,90.86000061035156,76.2300033569336
2022-02-04 05:00:00+00:00,90.80000305175781,76.23899841308594
2022-02-04 06:00:00+00:00,90.69999694824219,76.2760009765625
2022-02-04 07:00:00+00:00,90.77999877929688,75.93569946289062
2022-02-04 08:00:00+00:00,91.56999969482422,76.04258728027344
2022-02-04 09:00:00+00:00,91.52999877929688,75.94409942626953
2022-02-04 10:00:00+00:00,91.66000366210938,75.80490112304688
2022-02-04 11:00:00+00:00,92.12999725341797,75.8038101196289
2022-02-04 12:00:00+00:00,92.06999969482422,76.09449768066406
2022-02-04 13:00:00+00:00,92.33999633789062,76.12049865722656
2022-02-04 14:00:00+00:00,92.9000015258789,76.12300109863281
2022-02-04 15:00:00+00:00,92.62000274658203,76.11399841308594
2022-02-04 16:00:00+00:00,92.66000366210938,75.9800033569336
2022-02-04 17:00:00+00:00,92.33000183105469,75.94465637207031
2022-02-04 18:00:00+00:00,92.62999725341797,75.84010314941406
2022-02-04 19:00:00+00:00,92.37000274658203,75.79026794433594
2022-02-04 20:00:00+00:00,92.25,75.7490005493164
2022-02-04 21:00:00+00:00,91.91999816894531,75.44000244140625
2022-02-07 00:00:00+00:00,91.55000305175781,75.8832015991211
2022-02-07 01:00:00+00:00,92.5199966430664,75.8572006225586
2022-02-07 02:00:00+00:00,91.5999984741211,75.90489959716797
2022-02-07 03:00:00+00:00,91.94000244140625,75.99210357666016
2022-02-07 04:00:00+00:00,92.11000061035156,75.95099639892578
2022-02-07 05:00:00+00:00,91.97000122070312,75.90499877929688
2022-02-07 06:00:00+00:00,92.19000244140625,75.77899932861328
2022-02-07 07:00:00+00:00,91.81999969482422,75.63860321044922
2022-02-07 08:00:00+00:00,91.30999755859375,75.65251159667969
2022-02-07 09:00:00+00:00,91.05999755859375,75.52678680419922
2022-02-07 10:00:00+00:00,91.2300033569336,75.50910186767578
2022-02-07 11:00:00+00:00,91.5,75.44499969482422
2022-02-07 12:00:00+00:00,91.30999755859375,75.4457015991211
2022-02-07 13:00:00+00:00,92.23999786376953,75.55290222167969
2022-02-07 14:00:00+00:00,91.11000061035156,75.51490020751953
2022-02-07 15:00:00+00:00,91.56999969482422,75.59588623046875
2022-02-07 16:00:00+00:00,91.38999938964844,75.58999633789062
2022-02-07 17:00:00+00:00,91.16000366210938,75.5978012084961
2022-02-07 18:00:00+00:00,91.0999984741211,75.59539794921875
2022-02-07 19:00:00+00:00,91.37000274658203,75.44599914550781
2022-02-07 20:00:00+00:00,91.38999938964844,75.4010009765625
2022-02-07 21:00:00+00:00,91.62999725341797,75.31999969482422
2022-02-07 23:00:00+00:00,91.41000366210938,75.42019653320312
2022-02-08 00:00:00+00:00,91.3499984741211,75.33200073242188
2022-02-08 01:00:00+00:00,91.19999694824219,75.33799743652344
2022-02-08 02:00:00+00:00,91.33999633789062,75.3550033569336
2022-02-08 03:00:00+00:00,91.26000213623047,75.37200164794922
2022-02-08 04:00:00+00:00,91.2300033569336,75.26699829101562
2022-02-08 05:00:00+00:00,91.4800033569336,75.29900360107422
2022-02-08 06:00:00+00:00,91.33999633789062,75.25800323486328
2022-02-08 07:00:00+00:00,90.81999969482422,75.32330322265625
2022-02-08 08:00:00+00:00,90.6500015258789,75.35679626464844
2022-02-08 09:00:00+00:00,90.73999786376953,75.37830352783203
2022-02-08 10:00:00+00:00,89.7300033569336,75.19000244140625
2022-02-08 11:00:00+00:00,89.88999938964844,75.03520202636719
2022-02-08 12:00:00+00:00,89.58999633789062,75.19999694824219
2022-02-08 13:00:00+00:00,89.72000122070312,75.33499908447266
2022-02-08 14:00:00+00:00,89.30000305175781,75.31729888916016
2022-02-08 15:00:00+00:00,88.83999633789062,75.11580657958984
2022-02-08 16:00:00+00:00,88.94000244140625,75.0469970703125
2022-02-08 17:00:00+00:00,89.7300033569336,75.02799987792969
2022-02-08 18:00:00+00:00,89.77999877929688,75.01699829101562
2022-02-08 19:00:00+00:00,89.25,75.02200317382812
2022-02-08 20:00:00+00:00,89.6500015258789,75.00499725341797
2022-02-08 21:00:00+00:00,89.77999877929688,74.97000122070312
2022-02-08 23:00:00+00:00,89.83000183105469,75.06310272216797
2022-02-09 00:00:00+00:00,89.61000061035156,75.052001953125
2022-02-09 01:00:00+00:00,89.43000030517578,75.05339813232422
2022-02-09 02:00:00+00:00,89.44000244140625,75.06880187988281
2022-02-09 03:00:00+00:00,89.66000366210938,75.02629852294922
2022-02-09 04:00:00+00:00,89.73999786376953,74.96700286865234
2022-02-09 05:00:00+00:00,89.5199966430664,74.8759994506836
2022-02-09 06:00:00+00:00,89.18000030517578,74.89900207519531
2022-02-09 07:00:00+00:00,88.72000122070312,74.77631378173828
2022-02-09 08:00:00+00:00,89.5199966430664,74.76000213623047
2022-02-09 09:00:00+00:00,88.9800033569336,74.75050354003906
2022-02-09 10:00:00+00:00,88.83000183105469,74.66110229492188
2022-02-09 11:00:00+00:00,88.94000244140625,74.73670196533203
2022-02-09 12:00:00+00:00,89.05000305175781,74.74591064453125
2022-02-09 13:00:00+00:00,89.3499984741211,74.70700073242188
2022-02-09 14:00:00+00:00,89.73999786376953,74.77079772949219
2022-02-09 15:00:00+00:00,89.9800033569336,74.64540100097656
2022-02-09 16:00:00+00:00,88.98999786376953,74.58999633789062
2022-02-09 17:00:00+00:00,89.27999877929688,74.51599884033203
2022-02-09 18:00:00+00:00,89.56999969482422,74.50199890136719
2022-02-09 19:00:00+00:00,89.52999877929688,74.63320922851562
2022-02-09 20:00:00+00:00,90.0199966430664,74.71420288085938
2022-02-09 21:00:00+00:00,90.02999877929688,74.68589782714844
2022-02-09 23:00:00+00:00,90.02999877929688,74.66200256347656
2022-02-10 00:00:00+00:00,90.0199966430664,74.63099670410156
2022-02-10 01:00:00+00:00,89.83000183105469,74.62699890136719
2022-02-10 02:00:00+00:00,89.5999984741211,74.6709976196289
2022-02-10 03:00:00+00:00,89.62999725341797,74.79100036621094
2022-02-10 04:00:00+00:00,89.72000122070312,74.73059844970703
2022-02-10 05:00:00+00:00,89.44000244140625,74.73400115966797
2022-02-10 06:00:00+00:00,89.5,74.63469696044922
2022-02-10 07:00:00+00:00,89.87000274658203,74.7697982788086
2022-02-10 08:00:00+00:00,89.91999816894531,74.70500183105469
2022-02-10 09:00:00+00:00,90.05999755859375,74.72010803222656
2022-02-10 10:00:00+00:00,90.30999755859375,74.7605972290039
2022-02-10 11:00:00+00:00,90.44000244140625,74.6677017211914
2022-02-10 12:00:00+00:00,90.38999938964844,74.35321044921875
2022-02-10 13:00:00+00:00,90.0,74.54730224609375
2022-02-10 14:00:00+00:00,90.62000274658203,74.58489990234375
2022-02-10 15:00:00+00:00,91.1500015258789,74.5602035522461
2022-02-10 16:00:00+00:00,91.5999984741211,74.57479858398438
2022-02-10 17:00:00+00:00,90.75,74.75730895996094
2022-02-10 18:00:00+00:00,89.8499984741211,74.84600067138672
2022-02-10 19:00:00+00:00,89.97000122070312,74.98699951171875
2022-02-10 20:00:00+00:00,90.12999725341797,75.02400207519531
2022-02-10 21:00:00+00:00,90.04000091552734,74.9219970703125
2022-02-10 23:00:00+00:00,89.94000244140625,74.9520034790039
2022-02-11 00:00:00+00:00,89.75,75.02300262451172
2022-02-11 01:00:00+00:00,89.58999633789062,74.91100311279297
2022-02-11 02:00:00+00:00,89.98999786376953,74.93000030517578
2022-02-11 03:00:00+00:00,89.72000122070312,74.93800354003906
2022-02-11 04:00:00+00:00,89.69000244140625,75.25599670410156
2022-02-11 05:00:00+00:00,89.45999908447266,75.23650360107422
2022-02-11 06:00:00+00:00,89.29000091552734,75.20809936523438
2022-02-11 07:00:00+00:00,89.80000305175781,74.90480041503906
2022-02-11 08:00:00+00:00,89.95999908447266,75.02999877929688
2022-02-11 09:00:00+00:00,90.36000061035156,75.03500366210938
2022-02-11 10:00:00+00:00,90.5999984741211,74.9865493774414
2022-02-11 11:00:00+00:00,90.83999633789062,75.04190063476562
2022-02-11 12:00:00+00:00,91.06999969482422,75.19880676269531
2022-02-11 13:00:00+00:00,91.1500015258789,75.6449966430664
2022-02-11 14:00:00+00:00,90.91000366210938,75.93785858154297
2022-02-11 15:00:00+00:00,91.61000061035156,76.0542984008789
2022-02-11 16:00:00+00:00,91.45999908447266,76.04039764404297
2022-02-11 17:00:00+00:00,91.95999908447266,76.33979797363281
2022-02-11 18:00:00+00:00,94.16000366210938,77.50340270996094
2022-02-11 19:00:00+00:00,93.55999755859375,77.31050872802734
2022-02-11 20:00:00+00:00,93.80000305175781,77.12660217285156
2022-02-11 21:00:00+00:00,93.9000015258789,77.11599731445312
2022-02-14 00:00:00+00:00,94.54000091552734,77.49079895019531
2022-02-14 01:00:00+00:00,94.61000061035156,77.4739990234375
2022-02-14 02:00:00+00:00,94.68000030517578,77.53399658203125
2022-02-14 03:00:00+00:00,94.44000244140625,77.26969909667969
2022-02-14 04:00:00+00:00,94.43000030517578,77.4520034790039
2022-02-14 05:00:00+00:00,94.47000122070312,77.03589630126953
2022-02-14 06:00:00+00:00,94.44999694824219,76.95500183105469
2022-02-14 07:00:00+00:00,94.4800033569336,76.51930236816406
2022-02-14 08:00:00+00:00,93.08999633789062,77.0780029296875
2022-02-14 09:00:00+00:00,92.8499984741211,77.239501953125
2022-02-14 10:00:00+00:00,93.31999969482422,76.9761962890625
2022-02-14 11:00:00+00:00,92.66999816894531,77.1318130493164
2022-02-14 12:00:00+00:00,92.25,76.32270812988281
2022-02-14 13:00:00+00:00,92.69999694824219,76.53050231933594
2022-02-14 14:00:00+00:00,93.3499984741211,76.65599822998047
2022-02-14 15:00:00+00:00,93.56999969482422,76.95098876953125
2022-02-14 16:00:00+00:00,93.55999755859375,76.49600219726562
2022-02-14 17:00:00+00:00,94.0199966430664,76.56400299072266
2022-02-14 18:00:00+00:00,95.05999755859375,77.29129791259766
2022-02-14 19:00:00+00:00,94.76000213623047,76.8770980834961
2022-02-14 20:00:00+00:00,95.0199966430664,76.58899688720703
2022-02-14 21:00:00+00:00,94.77999877929688,76.50460052490234
2022-02-14 23:00:00+00:00,94.80999755859375,76.47329711914062
2022-02-15 00:00:00+00:00,94.80000305175781,76.65750122070312
2022-02-15 01:00:00+00:00,95.12000274658203,76.51119995117188
2022-02-15 02:00:00+00:00,95.08000183105469,76.42279815673828
2022-02-15 03:00:00+00:00,94.80000305175781,76.51930236816406
2022-02-15 04:00:00+00:00,94.80000305175781,76.26419830322266
2022-02-15 05:00:00+00:00,94.94000244140625,76.44599914550781
2022-02-15 06:00:00+00:00,94.97000122070312,76.2699966430664
2022-02-15 07:00:00+00:00,94.52999877929688,76.66780090332031
2022-02-15 08:00:00+00:00,93.6500015258789,75.58000183105469
2022-02-15 09:00:00+00:00,92.88999938964844,75.56749725341797
2022-02-15 10:00:00+00:00,92.58000183105469,75.75659942626953
2022-02-15 11:00:00+00:00,91.93000030517578,75.41799926757812
2022-02-15 12:00:00+00:00,92.54000091552734,75.3270034790039
2022-02-15 13:00:00+00:00,92.80000305175781,75.60469818115234
2022-02-15 14:00:00+00:00,91.08999633789062,75.912841796875
2022-02-15 15:00:00+00:00,90.83999633789062,75.60700225830078
2022-02-15 16:00:00+00:00,91.77999877929688,75.60900115966797
2022-02-15 17:00:00+00:00,92.0199966430664,75.63200378417969
2022-02-15 18:00:00+00:00,91.83999633789062,75.64299011230469
2022-02-15 19:00:00+00:00,91.81999969482422,75.44339752197266
2022-02-15 20:00:00+00:00,92.02999877929688,75.36869812011719
2022-02-15 21:00:00+00:00,92.0999984741211,75.41799926757812
2022-02-15 23:00:00+00:00,92.47000122070312,75.43350219726562
2022-02-16 00:00:00+00:00,92.30999755859375,75.55280303955078
2022-02-16 01:00:00+00:00,91.87000274658203,75.55110168457031
2022-02-16 02:00:00+00:00,91.95999908447266,75.5259017944336
2022-02-16 03:00:00+00:00,92.05000305175781,75.49700164794922
2022-02-16 04:00:00+00:00,92.0199966430664,75.28880310058594
2022-02-16 05:00:00+00:00,92.2699966430664,75.21849822998047
2022-02-16 06:00:00+00:00,92.36000061035156,75.18119812011719
2022-02-16 07:00:00+00:00,92.72000122070312,74.9977035522461
2022-02-16 08:00:00+00:00,93.19999694824219,74.9197998046875
2022-02-16 09:00:00+00:00,92.58000183105469,75.16230010986328
2022-02-16 10:00:00+00:00,93.19999694824219,74.96829986572266
2022-02-16 11:00:00+00:00,93.33000183105469,74.93299865722656
2022-02-16 12:00:00+00:00,93.16999816894531,75.04769134521484
2022-02-16 13:00:00+00:00,93.52999877929688,75.29129791259766
2022-02-16 14:00:00+00:00,93.97000122070312,75.2217025756836
2022-02-16 15:00:00+00:00,94.58999633789062,75.20140075683594
2022-02-16 16:00:00+00:00,94.56999969482422,75.19979858398438
2022-02-16 17:00:00+00:00,94.30999755859375,75.18499755859375
2022-02-16 18:00:00+00:00,93.80000305175781,75.30641174316406
2022-02-16 19:00:00+00:00,92.9800033569336,75.10099792480469
2022-02-16 20:00:00+00:00,90.73999786376953,75.19889831542969
2022-02-16 21:00:00+00:00,90.62000274658203,75.01799774169922
2022-02-16 23:00:00+00:00,91.2300033569336,75.06649780273438
2022-02-17 00:00:00+00:00,91.08999633789062,75.23829650878906
2022-02-17 01:00:00+00:00,91.48999786376953,75.22840118408203
2022-02-17 02:00:00+00:00,91.5,75.13469696044922
2022-02-17 03:00:00+00:00,92.5,75.51529693603516
2022-02-17 04:00:00+00:00,92.55000305175781,75.73200225830078
2022-02-17 05:00:00+00:00,92.20999908447266,75.68199920654297
2022-02-17 06:00:00+00:00,92.33999633789062,75.61180114746094
2022-02-17 07:00:00+00:00,92.88999938964844,75.78379821777344
2022-02-17 08:00:00+00:00,92.70999908447266,76.25100708007812
2022-02-17 09:00:00+00:00,91.94000244140625,75.9457015991211
2022-02-17 10:00:00+00:00,91.4800033569336,75.85511016845703
2022-02-17 11:00:00+00:00,92.0199966430664,75.79010009765625
2022-02-17 12:00:00+00:00,92.16999816894531,75.654296875
2022-02-17 13:00:00+00:00,92.73999786376953,76.25589752197266
2022-02-17 14:00:00+00:00,91.9000015258789,76.36881256103516
2022-02-17 15:00:00+00:00,91.02999877929688,76.33261108398438
2022-02-17 16:00:00+00:00,91.76000213623047,76.25
2022-02-17 17:00:00+00:00,91.23999786376953,76.11900329589844
2022-02-17 18:00:00+00:00,91.20999908447266,76.25
2022-02-17 19:00:00+00:00,91.44000244140625,76.35948944091797
2022-02-17 20:00:00+00:00,91.6500015258789,76.30390167236328
2022-02-17 21:00:00+00:00,91.68000030517578,76.33979797363281
2022-02-17 23:00:00+00:00,91.61000061035156,76.05899810791016
2022-02-18 00:00:00+00:00,91.41000366210938,76.23709869384766
2022-02-18 01:00:00+00:00,91.20999908447266,76.1438980102539
2022-02-18 02:00:00+00:00,91.0999984741211,76.12920379638672
2022-02-18 03:00:00+00:00,90.98999786376953,76.09300231933594
2022-02-18 04:00:00+00:00,91.04000091552734,75.95999908447266
2022-02-18 05:00:00+00:00,91.29000091552734,75.78350067138672
2022-02-18 06:00:00+00:00,91.27999877929688,75.9927978515625
2022-02-18 07:00:00+00:00,90.97000122070312,75.74800109863281
2022-02-18 08:00:00+00:00,90.7699966430664,75.83499908447266
2022-02-18 09:00:00+00:00,89.93000030517578,75.7345962524414
2022-02-18 10:00:00+00:00,89.5,75.752197265625
2022-02-18 11:00:00+00:00,90.11000061035156,75.91000366210938
2022-02-18 12:00:00+00:00,89.7699966430664,75.8222885131836
2022-02-18 13:00:00+00:00,89.75,76.23300170898438
2022-02-18 14:00:00+00:00,90.44999694824219,76.54998779296875
2022-02-18 15:00:00+00:00,91.16000366210938,76.94780731201172
2022-02-18 16:00:00+00:00,90.55999755859375,77.16519927978516
2022-02-18 17:00:00+00:00,91.2300033569336,77.3204116821289
2022-02-18 18:00:00+00:00,91.23999786376953,77.37200164794922
2022-02-18 19:00:00+00:00,91.48999786376953,77.36199951171875
2022-02-18 20:00:00+00:00,91.62000274658203,77.3333969116211
2022-02-18 21:00:00+00:00,91.66000366210938,77.36689758300781
2022-02-21 00:00:00+00:00,91.9000015258789,77.94000244140625
2022-02-21 01:00:00+00:00,90.55000305175781,77.6063003540039
2022-02-21 02:00:00+00:00,90.8499984741211,77.79840087890625
2022-02-21 03:00:00+00:00,90.9000015258789,77.59300231933594
2022-02-21 04:00:00+00:00,90.95999908447266,76.71099853515625
2022-02-22 06:00:00+00:00,94.66999816894531,80.0636978149414
2022-02-22 07:00:00+00:00,94.45999908447266,80.33531188964844
2022-02-22 08:00:00+00:00,96.0,80.26480865478516
2022-02-22 09:00:00+00:00,95.41000366210938,79.80892944335938
2022-02-22 10:00:00+00:00,94.91999816894531,78.9133071899414
2022-02-22 11:00:00+00:00,94.25,79.4718017578125
2022-02-22 12:00:00+00:00,93.63999938964844,79.08918762207031
2022-02-22 13:00:00+00:00,93.69999694824219,79.23979949951172
2022-02-22 14:00:00+00:00,93.25,79.07659912109375
2022-02-22 15:00:00+00:00,92.73999786376953,79.26380157470703
2022-02-22 16:00:00+00:00,92.69000244140625,79.45568084716797
2022-02-22 17:00:00+00:00,93.0,79.52449798583984
2022-02-22 18:00:00+00:00,92.06999969482422,79.66699981689453
2022-02-22 19:00:00+00:00,92.2699966430664,78.79000091552734
2022-02-23 10:00:00+00:00,91.25,79.60700225830078
2022-02-23 11:00:00+00:00,91.55000305175781,79.82581329345703
2022-02-23 12:00:00+00:00,91.75,80.28880310058594
2022-02-23 13:00:00+00:00,91.86000061035156,80.10430145263672
2022-02-23 14:00:00+00:00,92.58999633789062,80.43009948730469
2022-02-23 15:00:00+00:00,92.91999816894531,80.81950378417969
2022-02-23 16:00:00+00:00,91.70999908447266,80.76280212402344
2022-02-23 17:00:00+00:00,92.05999755859375,80.927001953125
2022-02-23 18:00:00+00:00,92.08999633789062,81.06999969482422
2022-02-23 19:00:00+00:00,91.55999755859375,81.30000305175781
2022-02-23 20:00:00+00:00,92.22000122070312,81.33470153808594
2022-02-23 21:00:00+00:00,92.23999786376953,81.13700103759766
2022-02-23 23:00:00+00:00,92.80000305175781,81.16000366210938
2022-02-24 00:00:00+00:00,93.30000305175781,81.46150207519531
2022-02-24 01:00:00+00:00,93.19999694824219,81.2416000366211
2022-02-24 02:00:00+00:00,94.13999938964844,80.93150329589844
2022-02-24 03:00:00+00:00,94.91999816894531,83.79000091552734
2022-02-24 04:00:00+00:00,96.37999725341797,86.14330291748047
2022-02-24 05:00:00+00:00,97.04000091552734,89.02880096435547
2022-02-24 06:00:00+00:00,97.01000213623047,86.31600189208984
2022-02-24 07:00:00+00:00,97.27999877929688,87.06700134277344
2022-02-24 08:00:00+00:00,98.02999877929688,86.43840026855469
2022-02-24 09:00:00+00:00,98.62999725341797,84.65360260009766
2022-02-24 10:00:00+00:00,99.73999786376953,83.65899658203125
2022-02-24 11:00:00+00:00,99.47000122070312,83.89420318603516
2022-02-24 12:00:00+00:00,99.58000183105469,85.2040023803711
2022-02-24 13:00:00+00:00,99.43000030517578,84.7249984741211
2022-02-24 14:00:00+00:00,97.23999786376953,87.19979858398438
2022-02-24 15:00:00+00:00,97.31999969482422,86.93699645996094
2022-02-24 16:00:00+00:00,96.38999938964844,87.4708023071289
2022-02-24 17:00:00+00:00,96.38999938964844,87.23919677734375
2022-02-24 18:00:00+00:00,94.0,86.50540161132812
2022-02-24 19:00:00+00:00,92.87999725341797,85.052001953125
2022-02-24 20:00:00+00:00,93.30000305175781,84.89189910888672
2022-02-24 21:00:00+00:00,93.0,84.2925033569336
2022-02-24 23:00:00+00:00,94.76000213623047,84.94400024414062
2022-02-25 00:00:00+00:00,94.58999633789062,85.0156021118164
2022-02-25 01:00:00+00:00,94.7699966430664,85.06379699707031
2022-02-25 02:00:00+00:00,95.22000122070312,85.21910095214844
2022-02-25 03:00:00+00:00,95.44999694824219,85.60600280761719
2022-02-25 04:00:00+00:00,94.87999725341797,84.94999694824219
2022-02-25 05:00:00+00:00,94.44000244140625,84.49099731445312
2022-02-25 06:00:00+00:00,94.66000366210938,85.44400024414062
2022-02-25 07:00:00+00:00,94.73999786376953,83.51000213623047
2022-02-25 08:00:00+00:00,94.27999877929688,83.79340362548828
2022-02-25 09:00:00+00:00,93.33000183105469,83.9531021118164
2022-02-25 10:00:00+00:00,92.80000305175781,84.1500015258789
2022-02-25 11:00:00+00:00,92.83999633789062,83.50509643554688
2022-02-25 12:00:00+00:00,92.79000091552734,82.5873031616211
2022-02-25 13:00:00+00:00,91.88999938964844,82.19999694824219
2022-02-25 14:00:00+00:00,92.0999984741211,83.53600311279297
2022-02-25 15:00:00+00:00,91.62000274658203,82.68699645996094
2022-02-25 16:00:00+00:00,91.36000061035156,83.0
2022-02-25 17:00:00+00:00,90.70999908447266,82.46240234375
2022-02-25 18:00:00+00:00,91.18000030517578,82.98200225830078
2022-02-25 19:00:00+00:00,91.81999969482422,83.78140258789062
2022-02-25 20:00:00+00:00,92.33000183105469,83.64350128173828
2022-02-25 21:00:00+00:00,91.94000244140625,83.86080169677734
2022-02-28 00:00:00+00:00,96.58000183105469,83.88719940185547
2022-02-28 01:00:00+00:00,96.47000122070312,83.88300323486328
2022-02-28 02:00:00+00:00,96.12000274658203,83.88980102539062
2022-02-28 07:00:00+00:00,95.3499984741211,95.54000091552734
2022-02-28 08:00:00+00:00,95.31999969482422,108.20500183105469
2022-02-28 09:00:00+00:00,96.48999786376953,100.14700317382812
2022-02-28 10:00:00+00:00,95.58000183105469,97.9990005493164
2022-02-28 11:00:00+00:00,96.05000305175781,94.93599700927734
2022-02-28 12:00:00+00:00,95.08999633789062,94.62000274658203
2022-02-28 13:00:00+00:00,95.81999969482422,98.3219985961914
2022-02-28 14:00:00+00:00,94.72000122070312,98.1050033569336
2022-02-28 15:00:00+00:00,95.51000213623047,94.78399658203125
2022-02-28 16:00:00+00:00,95.44000244140625,102.53700256347656
2022-02-28 17:00:00+00:00,96.20999908447266,104.53700256347656
2022-02-28 18:00:00+00:00,96.45999908447266,104.03800201416016
2022-02-28 19:00:00+00:00,95.68000030517578,107.04000091552734
2022-02-28 20:00:00+00:00,95.87999725341797,104.79049682617188
2022-02-28 21:00:00+00:00,95.81999969482422,105.29049682617188
2022-02-28 23:00:00+00:00,95.93000030517578,104.25849914550781
2022-03-01 02:00:00+00:00,96.3499984741211,103.7614974975586
2022-03-01 05:00:00+00:00,96.63999938964844,104.5114974975586
2022-03-01 06:00:00+00:00,97.19999694824219,104.75
2022-03-01 07:00:00+00:00,97.05999755859375,91.29000091552734
2022-03-01 08:00:00+00:00,98.38999938964844,98.25
2022-03-01 09:00:00+00:00,98.83000183105469,101.75
2022-03-01 10:00:00+00:00,98.5199966430664,96.80549621582031
2022-03-01 11:00:00+00:00,99.68000030517578,97.00499725341797
2022-03-01 12:00:00+00:00,100.70999908447266,98.5999984741211
2022-03-01 13:00:00+00:00,100.66999816894531,99.80850219726562
2022-03-01 14:00:00+00:00,101.98999786376953,99.2229995727539
2022-03-01 16:00:00+00:00,105.68000030517578,115.67150115966797
2022-03-01 17:00:00+00:00,104.72000122070312,114.04399871826172
2022-03-01 18:00:00+00:00,104.11000061035156,111.79450225830078
2022-03-01 19:00:00+00:00,103.94999694824219,109.29350280761719
2022-03-01 20:00:00+00:00,104.75,110.25
2022-03-01 21:00:00+00:00,106.33999633789062,105.0
2022-03-01 23:00:00+00:00,106.38999938964844,108.47489929199219
2022-03-02 00:00:00+00:00,106.19000244140625,109.2645034790039
2022-03-02 01:00:00+00:00,108.4000015258789,108.51399993896484
2022-03-02 03:00:00+00:00,108.37000274658203,108.51399993896484
2022-03-02 05:00:00+00:00,108.01000213623047,108.7645034790039
2022-03-02 06:00:00+00:00,109.70999908447266,105.76200103759766
2022-03-02 07:00:00+00:00,111.05999755859375,106.66300201416016
2022-03-02 08:00:00+00:00,110.27999877929688,107.0
2022-03-02 09:00:00+00:00,108.94999694824219,109.10199737548828
2022-03-02 10:00:00+00:00,107.62000274658203,107.0999984741211
2022-03-02 11:00:00+00:00,109.80000305175781,112.0
2022-03-02 12:00:00+00:00,110.4000015258789,108.79499816894531
2022-03-02 13:00:00+00:00,110.87999725341797,103.34500122070312
2022-03-02 14:00:00+00:00,108.62000274658203,106.20500183105469
2022-03-02 15:00:00+00:00,105.91000366210938,106.0199966430664
2022-03-02 16:00:00+00:00,108.58999633789062,103.85050201416016
2022-03-02 17:00:00+00:00,109.12999725341797,103.81580352783203
2022-03-02 18:00:00+00:00,110.0,101.0999984741211
2022-03-02 19:00:00+00:00,111.87999725341797,99.35050201416016
2022-03-02 20:00:00+00:00,111.4800033569336,95.25
2022-03-02 21:00:00+00:00,111.4000015258789,103.35050201416016
2022-03-02 23:00:00+00:00,110.83000183105469,102.0
2022-03-03 00:00:00+00:00,111.9000015258789,101.25
2022-03-03 01:00:00+00:00,114.44000244140625,98.75
2022-03-03 02:00:00+00:00,113.08000183105469,98.0
2022-03-03 05:00:00+00:00,114.38999938964844,98.0
2022-03-03 06:00:00+00:00,114.58999633789062,97.25
2022-03-03 07:00:00+00:00,116.01000213623047,115.3280029296875
2022-03-03 08:00:00+00:00,114.83999633789062,117.30000305175781
2022-03-03 09:00:00+00:00,113.2300033569336,116.927001953125
2022-03-03 10:00:00+00:00,113.0,117.177001953125
2022-03-03 11:00:00+00:00,112.93000030517578,117.62000274658203
2022-03-03 12:00:00+00:00,114.1500015258789,117.26000213623047
2022-03-03 13:00:00+00:00,107.27999877929688,116.07499694824219
2022-03-03 14:00:00+00:00,110.19000244140625,106.05000305175781
2022-03-03 15:00:00+00:00,109.62000274658203,108.95600128173828
2022-03-03 16:00:00+00:00,109.73999786376953,107.12300109863281
2022-03-03 17:00:00+00:00,109.80000305175781,108.5
2022-03-03 18:00:00+00:00,109.52999877929688,110.0
2022-03-03 19:00:00+00:00,107.77999877929688,109.64600372314453
2022-03-03 20:00:00+00:00,108.30000305175781,109.64600372314453
2022-03-03 21:00:00+00:00,108.05000305175781,109.14600372314453
2022-03-03 23:00:00+00:00,109.2300033569336,108.75
2022-03-04 00:00:00+00:00,111.83999633789062,107.9990005493164
2022-03-04 02:00:00+00:00,109.79000091552734,108.0
2022-03-04 03:00:00+00:00,109.58000183105469,108.0
2022-03-04 06:00:00+00:00,109.18000030517578,109.75
2022-03-04 07:00:00+00:00,108.47000122070312,106.5270004272461
2022-03-04 08:00:00+00:00,108.12000274658203,109.5
2022-03-04 09:00:00+00:00,108.97000122070312,111.5
2022-03-04 10:00:00+00:00,110.37000274658203,109.96949768066406
2022-03-04 11:00:00+00:00,109.55999755859375,109.69000244140625
2022-03-04 12:00:00+00:00,111.23999786376953,113.63300323486328
2022-03-04 13:00:00+00:00,111.01000213623047,110.74299621582031
2022-03-04 14:00:00+00:00,112.83999633789062,112.75
2022-03-04 15:00:00+00:00,112.8499984741211,104.33300018310547
2022-03-04 16:00:00+00:00,110.76000213623047,120.25
2022-03-04 17:00:00+00:00,111.80999755859375,124.25
2022-03-04 18:00:00+00:00,112.7300033569336,122.28350067138672
2022-03-04 19:00:00+00:00,115.58000183105469,122.78350067138672
2022-03-04 20:00:00+00:00,115.37000274658203,121.78350067138672
2022-03-04 21:00:00+00:00,115.0,121.7874984741211
2022-03-07 06:00:00+00:00,125.7300033569336,133.5
2022-03-07 07:00:00+00:00,125.43000030517578,135.43380737304688
2022-03-07 08:00:00+00:00,123.83000183105469,131.5
2022-03-07 09:00:00+00:00,123.41999816894531,131.25
2022-03-07 10:00:00+00:00,122.66999816894531,136.75
2022-03-07 11:00:00+00:00,123.5999984741211,140.25
2022-03-07 12:00:00+00:00,121.0,131.5
2022-03-07 13:00:00+00:00,118.87999725341797,138.25
2022-03-07 14:00:00+00:00,117.44999694824219,138.25
2022-03-07 15:00:00+00:00,119.05999755859375,143.9499969482422
2022-03-07 16:00:00+00:00,118.69000244140625,154.0
2022-03-07 17:00:00+00:00,119.93000030517578,154.25
2022-03-07 19:00:00+00:00,119.0199966430664,142.0
2022-03-07 20:00:00+00:00,119.8499984741211,138.75
2022-03-07 21:00:00+00:00,120.31999969482422,138.25
2022-03-07 23:00:00+00:00,120.9800033569336,130.25
2022-03-08 01:00:00+00:00,118.31999969482422,130.6999969482422
2022-03-08 02:00:00+00:00,121.11000061035156,123.94999694824219
2022-03-08 06:00:00+00:00,122.19999694824219,129.25
2022-03-08 07:00:00+00:00,122.04000091552734,131.75
2022-03-08 08:00:00+00:00,121.9800033569336,134.5
2022-03-08 09:00:00+00:00,122.43000030517578,133.0
2022-03-08 10:00:00+00:00,122.76000213623047,132.5500030517578
2022-03-08 11:00:00+00:00,122.94000244140625,135.5
2022-03-08 12:00:00+00:00,121.83999633789062,134.5
2022-03-08 13:00:00+00:00,125.61000061035156,139.5
2022-03-08 14:00:00+00:00,128.38999938964844,133.5
2022-03-08 15:00:00+00:00,127.37999725341797,129.25
2022-03-08 16:00:00+00:00,127.80999755859375,127.75
2022-03-08 17:00:00+00:00,121.97000122070312,122.0
2022-03-08 18:00:00+00:00,125.66999816894531,121.0
2022-03-08 19:00:00+00:00,124.19999694824219,121.0
2022-03-08 21:00:00+00:00,124.7699966430664,125.0
2022-03-09 07:00:00+00:00,124.83000183105469,128.0
2022-03-09 08:00:00+00:00,124.45999908447266,130.25
2022-03-09 09:00:00+00:00,121.45999908447266,134.75120544433594
2022-03-09 10:00:00+00:00,121.58000183105469,134.25
2022-03-09 11:00:00+00:00,120.37999725341797,131.88499450683594
2022-03-09 12:00:00+00:00,119.54000091552734,115.9469985961914
2022-03-09 13:00:00+00:00,117.62999725341797,117.802001953125
2022-03-09 14:00:00+00:00,118.05999755859375,120.50900268554688
2022-03-09 15:00:00+00:00,118.02999877929688,119.86000061035156
2022-03-09 16:00:00+00:00,116.91999816894531,134.75
2022-03-09 17:00:00+00:00,111.41999816894531,135.0
2022-03-09 18:00:00+00:00,108.80999755859375,135.0
2022-03-09 19:00:00+00:00,109.62999725341797,136.75
2022-03-09 20:00:00+00:00,110.19000244140625,135.75120544433594
2022-03-09 21:00:00+00:00,109.52999877929688,136.75
2022-03-10 05:00:00+00:00,108.86000061035156,128.5
2022-03-10 07:00:00+00:00,111.02999877929688,120.01000213623047
2022-03-10 08:00:00+00:00,111.98999786376953,120.2750015258789
2022-03-10 09:00:00+00:00,113.18000030517578,118.7969970703125
2022-03-10 10:00:00+00:00,113.19000244140625,118.84400177001953
2022-03-10 11:00:00+00:00,113.38999938964844,117.54399871826172
2022-03-10 12:00:00+00:00,112.77999877929688,116.7239990234375
2022-03-10 13:00:00+00:00,114.5999984741211,116.64700317382812
2022-03-10 14:00:00+00:00,110.69000244140625,117.54199981689453
2022-03-10 15:00:00+00:00,109.81999969482422,119.00550079345703
2022-03-10 16:00:00+00:00,108.3499984741211,129.25
2022-03-10 17:00:00+00:00,106.48999786376953,133.24879455566406
2022-03-10 18:00:00+00:00,107.37000274658203,132.75
2022-03-10 19:00:00+00:00,106.41999816894531,133.25
2022-03-10 20:00:00+00:00,106.38999938964844,132.75
2022-03-11 02:00:00+00:00,106.12000274658203,128.0
2022-03-11 04:00:00+00:00,106.58999633789062,127.0
2022-03-11 05:00:00+00:00,106.61000061035156,134.25
2022-03-11 06:00:00+00:00,107.23999786376953,132.0
2022-03-11 07:00:00+00:00,108.45999908447266,129.5
2022-03-11 08:00:00+00:00,108.5199966430664,130.8000030517578
2022-03-11 09:00:00+00:00,107.97000122070312,115.64700317382812
2022-03-11 10:00:00+00:00,109.70999908447266,114.34700012207031
2022-03-11 11:00:00+00:00,107.63999938964844,113.6969985961914
2022-03-11 12:00:00+00:00,107.2300033569336,116.2969970703125
2022-03-11 13:00:00+00:00,106.4000015258789,117.49700164794922
2022-03-11 14:00:00+00:00,107.01000213623047,130.5
2022-03-11 15:00:00+00:00,108.94000244140625,133.125
2022-03-11 16:00:00+00:00,108.2300033569336,130.25
2022-03-11 17:00:00+00:00,108.76000213623047,127.0
2022-03-11 21:00:00+00:00,109.08999633789062,133.25
2022-03-14 01:00:00+00:00,105.7699966430664,128.9250030517578
2022-03-14 03:00:00+00:00,106.43000030517578,125.50299835205078
2022-03-14 06:00:00+00:00,106.54000091552734,128.5
2022-03-14 07:00:00+00:00,105.36000061035156,114.7969970703125
2022-03-14 08:00:00+00:00,105.33999633789062,122.25
2022-03-14 09:00:00+00:00,103.62000274658203,112.59700012207031
2022-03-14 10:00:00+00:00,104.0999984741211,110.2969970703125
2022-03-14 11:00:00+00:00,104.0999984741211,110.9469985961914
2022-03-14 12:00:00+00:00,104.7300033569336,110.6969985961914
2022-03-14 13:00:00+00:00,102.3499984741211,113.14700317382812
2022-03-14 14:00:00+00:00,100.66000366210938,113.64700317382812
2022-03-14 15:00:00+00:00,101.47000122070312,118.0
2022-03-14 16:00:00+00:00,102.02999877929688,119.75
2022-03-14 17:00:00+00:00,101.81999969482422,121.0
2022-03-14 18:00:00+00:00,101.44000244140625,119.5
2022-03-14 19:00:00+00:00,102.0999984741211,118.5
2022-03-14 22:00:00+00:00,102.31999969482422,120.44200134277344
2022-03-14 23:00:00+00:00,101.31999969482422,120.45240020751953
2022-03-15 03:00:00+00:00,98.88999938964844,112.5009994506836
2022-03-15 06:00:00+00:00,97.25,119.0
2022-03-15 07:00:00+00:00,97.2699966430664,110.93699645996094
2022-03-15 08:00:00+00:00,97.19999694824219,111.0270004272461
2022-03-15 09:00:00+00:00,96.62999725341797,112.13700103759766
2022-03-15 10:00:00+00:00,96.72000122070312,112.18699645996094
2022-03-15 11:00:00+00:00,95.12999725341797,111.03700256347656
2022-03-15 12:00:00+00:00,96.29000091552734,110.96700286865234
2022-03-15 13:00:00+00:00,95.23999786376953,110.49700164794922
2022-03-15 14:00:00+00:00,95.0,109.84639739990234
2022-03-15 15:00:00+00:00,96.1500015258789,104.0
2022-03-15 16:00:00+00:00,97.86000061035156,102.0
2022-03-15 17:00:00+00:00,96.55000305175781,105.5
2022-03-15 18:00:00+00:00,95.58000183105469,105.25
2022-03-15 19:00:00+00:00,95.41999816894531,106.25
2022-03-15 20:00:00+00:00,95.18000030517578,105.75
2022-03-15 23:00:00+00:00,95.76000213623047,108.44999694824219
2022-03-16 01:00:00+00:00,96.72000122070312,108.75
2022-03-16 02:00:00+00:00,97.3499984741211,108.75
2022-03-16 06:00:00+00:00,98.19999694824219,106.75
2022-03-16 07:00:00+00:00,98.5199966430664,108.22699737548828
2022-03-16 08:00:00+00:00,98.04000091552734,108.47699737548828
2022-03-16 09:00:00+00:00,97.12999725341797,107.65699768066406
2022-03-16 10:00:00+00:00,95.83999633789062,107.21700286865234
2022-03-16 11:00:00+00:00,96.19999694824219,108.09700012207031
2022-03-16 12:00:00+00:00,98.62999725341797,108.34700012207031
2022-03-16 13:00:00+00:00,97.30999755859375,107.75
2022-03-16 14:00:00+00:00,95.41999816894531,108.2969970703125
2022-03-16 15:00:00+00:00,96.95999908447266,98.75
2022-03-16 16:00:00+00:00,96.16000366210938,98.75
2022-03-16 17:00:00+00:00,95.83000183105469,98.125
2022-03-16 18:00:00+00:00,94.56999969482422,98.0
2022-03-16 19:00:00+00:00,94.9000015258789,97.75
2022-03-16 20:00:00+00:00,95.36000061035156,95.5
2022-03-16 22:00:00+00:00,96.11000061035156,96.44999694824219
2022-03-17 06:00:00+00:00,96.83000183105469,96.0
2022-03-17 07:00:00+00:00,97.87000274658203,104.24700164794922
2022-03-17 08:00:00+00:00,98.12000274658203,104.0270004272461
2022-03-17 09:00:00+00:00,98.94000244140625,104.64700317382812
2022-03-17 10:00:00+00:00,99.30000305175781,105.25499725341797
2022-03-17 11:00:00+00:00,100.45999908447266,100.5
2022-03-17 12:00:00+00:00,100.7300033569336,105.2969970703125
2022-03-17 13:00:00+00:00,101.80999755859375,102.375
2022-03-17 14:00:00+00:00,102.43000030517578,104.59700012207031
2022-03-17 15:00:00+00:00,103.23999786376953,101.75
2022-03-17 16:00:00+00:00,101.94000244140625,100.25
2022-03-17 17:00:00+00:00,102.69999694824219,102.0
2022-03-17 19:00:00+00:00,103.27999877929688,102.75
2022-03-17 20:00:00+00:00,103.62000274658203,102.0
2022-03-17 22:00:00+00:00,103.54000091552734,103.11199951171875
2022-03-17 23:00:00+00:00,103.33000183105469,103.07479858398438
2022-03-18 02:00:00+00:00,105.58000183105469,95.625
2022-03-18 06:00:00+00:00,106.2300033569336,99.625
2022-03-18 07:00:00+00:00,104.62999725341797,103.48699951171875
2022-03-18 08:00:00+00:00,103.87999725341797,103.5469970703125
2022-03-18 09:00:00+00:00,104.25,103.05699920654297
2022-03-18 10:00:00+00:00,104.37999725341797,104.13200378417969
2022-03-18 11:00:00+00:00,103.87000274658203,104.95700073242188
2022-03-18 12:00:00+00:00,103.30000305175781,104.93699645996094
2022-03-18 13:00:00+00:00,102.95999908447266,105.21700286865234
2022-03-18 14:00:00+00:00,103.76000213623047,104.26499938964844
2022-03-18 15:00:00+00:00,103.76000213623047,105.24500274658203
2022-03-18 16:00:00+00:00,104.31999969482422,106.5
2022-03-18 17:00:00+00:00,104.31999969482422,106.75
2022-03-18 18:00:00+00:00,104.81999969482422,103.75
2022-03-21 07:00:00+00:00,108.77999877929688,105.11699676513672
2022-03-21 08:00:00+00:00,109.5,104.74700164794922
2022-03-21 09:00:00+00:00,108.55999755859375,104.53500366210938
2022-03-21 10:00:00+00:00,109.37000274658203,104.17900085449219
2022-03-21 11:00:00+00:00,108.93000030517578,104.26380157470703
2022-03-21 12:00:00+00:00,109.30000305175781,103.375
2022-03-21 13:00:00+00:00,110.36000061035156,104.14129638671875
2022-03-21 14:00:00+00:00,110.4800033569336,104.1395034790039
2022-03-21 15:00:00+00:00,110.22000122070312,107.25
2022-03-21 16:00:00+00:00,109.6500015258789,106.75
2022-03-21 17:00:00+00:00,111.0,105.25
2022-03-21 18:00:00+00:00,112.18000030517578,105.9000015258789
2022-03-21 22:00:00+00:00,112.76000213623047,106.65039825439453
2022-03-21 23:00:00+00:00,114.0999984741211,106.6614990234375
2022-03-22 06:00:00+00:00,114.4000015258789,106.5
2022-03-22 07:00:00+00:00,113.29000091552734,106.25
2022-03-22 08:00:00+00:00,111.30000305175781,105.5
2022-03-22 09:00:00+00:00,109.62999725341797,104.03199768066406
2022-03-22 10:00:00+00:00,111.05000305175781,103.95999908447266
2022-03-22 11:00:00+00:00,112.0,104.00749969482422
2022-03-22 12:00:00+00:00,112.81999969482422,104.06500244140625
2022-03-22 13:00:00+00:00,110.69999694824219,104.12200164794922
2022-03-22 14:00:00+00:00,110.7300033569336,103.125
2022-03-22 15:00:00+00:00,110.20999908447266,104.75
2022-03-22 16:00:00+00:00,110.26000213623047,106.75
2022-03-22 17:00:00+00:00,111.72000122070312,105.5
2022-03-22 18:00:00+00:00,111.30000305175781,104.5
2022-03-23 07:00:00+00:00,110.4000015258789,104.052001953125
2022-03-23 08:00:00+00:00,110.12999725341797,103.44000244140625
2022-03-23 09:00:00+00:00,111.06999969482422,101.5
2022-03-23 10:00:00+00:00,112.0,103.64949798583984
2022-03-23 11:00:00+00:00,112.05000305175781,102.5
2022-03-23 12:00:00+00:00,113.08000183105469,100.58450317382812
2022-03-23 13:00:00+00:00,113.7300033569336,99.91999816894531
2022-03-23 14:00:00+00:00,115.08000183105469,98.25
2022-03-23 15:00:00+00:00,114.5999984741211,96.5
2022-03-23 16:00:00+00:00,113.87000274658203,96.0
2022-03-23 17:00:00+00:00,113.76000213623047,94.25
2022-03-23 19:00:00+00:00,114.44999694824219,96.5
2022-03-23 20:00:00+00:00,114.3499984741211,95.25
2022-03-23 22:00:00+00:00,114.62999725341797,96.73970031738281
2022-03-23 23:00:00+00:00,114.51000213623047,96.72650146484375
2022-03-24 06:00:00+00:00,113.16000366210938,97.25
2022-03-24 07:00:00+00:00,114.73999786376953,95.0
2022-03-24 08:00:00+00:00,115.4800033569336,96.74949645996094
2022-03-24 09:00:00+00:00,114.61000061035156,96.25
2022-03-24 10:00:00+00:00,114.76000213623047,95.9000015258789
2022-03-24 11:00:00+00:00,114.86000061035156,96.25
2022-03-24 12:00:00+00:00,114.69000244140625,97.0
2022-03-24 13:00:00+00:00,112.94000244140625,97.875
2022-03-24 14:00:00+00:00,114.3499984741211,98.0
2022-03-24 15:00:00+00:00,112.04000091552734,98.0
2022-03-24 16:00:00+00:00,112.91000366210938,101.25
2022-03-24 17:00:00+00:00,113.37000274658203,101.75
2022-03-24 18:00:00+00:00,111.12999725341797,101.5
2022-03-24 22:00:00+00:00,111.58999633789062,102.23290252685547
2022-03-24 23:00:00+00:00,112.01000213623047,102.21430206298828
2022-03-25 04:00:00+00:00,112.0999984741211,101.0
2022-03-25 06:00:00+00:00,112.37999725341797,99.875
2022-03-25 07:00:00+00:00,110.62999725341797,98.5
2022-03-25 08:00:00+00:00,109.52999877929688,97.5
2022-03-25 09:00:00+00:00,110.80000305175781,98.0
2022-03-25 10:00:00+00:00,110.33999633789062,98.17500305175781
2022-03-25 11:00:00+00:00,110.0199966430664,98.2249984741211
2022-03-25 12:00:00+00:00,109.51000213623047,97.25
2022-03-25 13:00:00+00:00,110.11000061035156,100.05000305175781
2022-03-25 14:00:00+00:00,111.0999984741211,99.25
2022-03-25 15:00:00+00:00,113.29000091552734,99.875
2022-03-25 16:00:00+00:00,113.25,99.5
2022-03-25 17:00:00+00:00,112.73999786376953,100.75
2022-03-28 03:00:00+00:00,110.3499984741211,94.33499908447266
2022-03-28 05:00:00+00:00,109.55000305175781,100.5
2022-03-28 06:00:00+00:00,109.22000122070312,97.875
2022-03-28 07:00:00+00:00,109.38999938964844,97.75
2022-03-28 08:00:00+00:00,109.51000213623047,98.25
2022-03-28 09:00:00+00:00,109.47000122070312,97.5
2022-03-28 10:00:00+00:00,108.81999969482422,99.0
2022-03-28 11:00:00+00:00,107.6500015258789,98.0
2022-03-28 12:00:00+00:00,107.66000366210938,97.0
2022-03-28 13:00:00+00:00,105.04000091552734,97.72000122070312
2022-03-28 14:00:00+00:00,104.7300033569336,95.75
2022-03-28 15:00:00+00:00,107.41999816894531,94.25
2022-03-28 16:00:00+00:00,107.05999755859375,94.5
2022-03-28 22:00:00+00:00,103.94999694824219,95.75
2022-03-29 01:00:00+00:00,104.7300033569336,95.0
2022-03-29 02:00:00+00:00,105.0199966430664,89.0
2022-03-29 05:00:00+00:00,105.52999877929688,88.25
2022-03-29 06:00:00+00:00,105.01000213623047,93.75
2022-03-29 07:00:00+00:00,106.30999755859375,90.5
2022-03-29 08:00:00+00:00,107.0,88.75
2022-03-29 09:00:00+00:00,106.33000183105469,89.0
2022-03-29 10:00:00+00:00,106.73999786376953,87.75
2022-03-29 11:00:00+00:00,103.33000183105469,83.5
2022-03-29 12:00:00+00:00,100.13999938964844,85.0
2022-03-29 13:00:00+00:00,101.20999908447266,87.0
2022-03-29 14:00:00+00:00,102.8499984741211,87.0
2022-03-29 15:00:00+00:00,102.19999694824219,85.875
2022-03-29 16:00:00+00:00,102.9000015258789,87.0999984741211
2022-03-29 17:00:00+00:00,104.62000274658203,87.0999984741211
2022-03-29 18:00:00+00:00,104.37000274658203,87.0999984741211
2022-03-29 20:00:00+00:00,105.16000366210938,86.75
2022-03-29 22:00:00+00:00,106.58999633789062,88.9927978515625
2022-03-30 00:00:00+00:00,106.0999984741211,83.25
2022-03-30 01:00:00+00:00,104.94000244140625,87.75
2022-03-30 05:00:00+00:00,105.2699966430664,83.75
2022-03-30 06:00:00+00:00,107.02999877929688,87.0
2022-03-30 07:00:00+00:00,106.31999969482422,84.5
2022-03-30 08:00:00+00:00,106.62000274658203,83.625
2022-03-30 09:00:00+00:00,106.29000091552734,83.5250015258789
2022-03-30 10:00:00+00:00,106.83000183105469,83.6500015258789
2022-03-30 11:00:00+00:00,106.37000274658203,83.0
2022-03-30 12:00:00+00:00,107.88999938964844,83.875
2022-03-30 13:00:00+00:00,108.43000030517578,83.75
2022-03-30 14:00:00+00:00,108.29000091552734,84.0
2022-03-30 15:00:00+00:00,108.01000213623047,82.75
2022-03-30 16:00:00+00:00,106.7699966430664,82.5
2022-03-30 17:00:00+00:00,107.22000122070312,82.5
2022-03-30 19:00:00+00:00,107.19999694824219,81.5
2022-03-30 20:00:00+00:00,107.45999908447266,82.75
2022-03-30 22:00:00+00:00,107.41000366210938,83.47129821777344
2022-03-31 02:00:00+00:00,101.18000030517578,75.5
2022-03-31 06:00:00+00:00,103.08999633789062,83.5
2022-03-31 07:00:00+00:00,102.76000213623047,80.25
2022-03-31 08:00:00+00:00,102.08000183105469,81.25
2022-03-31 09:00:00+00:00,101.36000061035156,81.75
2022-03-31 10:00:00+00:00,101.02999877929688,81.80000305175781
2022-03-31 11:00:00+00:00,101.54000091552734,81.44999694824219
2022-03-31 12:00:00+00:00,101.8499984741211,82.0
2022-03-31 13:00:00+00:00,104.1500015258789,82.69999694824219
2022-03-31 14:00:00+00:00,102.7300033569336,81.3499984741211
2022-03-31 15:00:00+00:00,103.69999694824219,80.75
2022-03-31 16:00:00+00:00,103.33999633789062,79.75
2022-03-31 17:00:00+00:00,102.11000061035156,80.75
2022-03-31 18:00:00+00:00,100.9000015258789,81.0
2022-03-31 19:00:00+00:00,100.66000366210938,80.5
2022-03-31 20:00:00+00:00,101.19999694824219,81.0
2022-03-31 22:00:00+00:00,101.04000091552734,81.70680236816406
2022-04-01 06:00:00+00:00,98.87999725341797,81.75
2022-04-01 07:00:00+00:00,98.9000015258789,82.50900268554688
2022-04-01 08:00:00+00:00,99.73999786376953,82.0
2022-04-01 09:00:00+00:00,100.58000183105469,82.23400115966797
2022-04-01 10:00:00+00:00,100.05999755859375,82.26200103759766
2022-04-01 11:00:00+00:00,98.54000091552734,82.52100372314453
2022-04-01 12:00:00+00:00,99.41000366210938,82.29199981689453
2022-04-01 13:00:00+00:00,100.58000183105469,83.4489974975586
2022-04-01 14:00:00+00:00,99.95999908447266,83.69599914550781
2022-04-01 15:00:00+00:00,99.70999908447266,84.75
2022-04-01 16:00:00+00:00,99.55999755859375,84.875
2022-04-01 17:00:00+00:00,99.06999969482422,85.375
2022-04-01 18:00:00+00:00,99.4000015258789,85.125
2022-04-01 20:00:00+00:00,99.41999816894531,85.25
