Ticker,CL=F,CL=F,CL=F,CL=F,CL=F,CL=F,RUB=X,RUB=X,RUB=X,RUB=X,RUB=X,RUB=X
Price,Open,High,Low,Close,Adj Close,Volume,Open,High,Low,Close,Adj Close,Volume
Date,,,,,,,,,,,,
2023-04-03,80.0999984741211,81.69000244140625,79.0,80.41999816894531,80.41999816894531,547126.0,77.96499633789062,78.82649993896484,77.375,77.96499633789062,77.96499633789062,0.0
2023-04-04,80.44000244140625,81.80999755859375,79.61000061035156,80.70999908447266,80.70999908447266,343570.0,78.61499786376953,80.02149963378906,78.61499786376953,78.61499786376953,78.61499786376953,0.0
2023-04-05,81.01000213623047,81.23999786376953,79.72000122070312,80.61000061035156,80.61000061035156,254974.0,79.26499938964844,80.44999694824219,79.17500305175781,79.26499938964844,79.26499938964844,0.0
2023-04-06,80.37000274658203,80.95999908447266,79.6500015258789,80.69999694824219,80.69999694824219,0.0,80.16500091552734,81.79350280761719,79.67400360107422,80.16500091552734,80.16500091552734,0.0
2023-04-10,80.5,81.22000122070312,79.61000061035156,79.73999786376953,79.73999786376953,264906.0,81.06500244140625,82.44000244140625,80.9749984741211,81.06500244140625,81.06500244140625,0.0
2023-04-11,79.87999725341797,81.58999633789062,79.37000274658203,81.52999877929688,81.52999877929688,309683.0,81.625,82.63700103759766,81.625,81.625,81.625,0.0
2023-04-12,81.44000244140625,83.52999877929688,81.27999877929688,83.26000213623047,83.26000213623047,356133.0,81.06500244140625,82.65149688720703,81.06500244140625,81.06500244140625,81.06500244140625,0.0
2023-04-13,83.22000122070312,83.44000244140625,82.11000061035156,82.16000366210938,82.16000366210938,261230.0,82.01499938964844,82.3499984741211,81.15899658203125,82.01499938964844,82.01499938964844,0.0
2023-04-14,82.4000015258789,83.12000274658203,81.76000213623047,82.5199966430664,82.5199966430664,275129.0,81.66500091552734,82.22550201416016,81.17500305175781,81.66500091552734,81.66500091552734,0.0
2023-04-17,82.4800033569336,82.70999908447266,80.47000122070312,80.83000183105469,80.83000183105469,217048.0,81.51499938964844,82.13999938964844,81.17500305175781,81.51499938964844,81.51499938964844,0.0
2023-04-18,81.0,81.4800033569336,79.87000274658203,80.86000061035156,80.86000061035156,96290.0,82.01499938964844,82.03800201416016,81.17500305175781,82.01499938964844,82.01499938964844,0.0
2023-04-19,80.91999816894531,81.18000030517578,78.45999908447266,79.16000366210938,79.16000366210938,78310.0,81.76499938964844,82.0469970703125,81.4280014038086,81.76499938964844,81.76499938964844,0.0
2023-04-20,78.87000274658203,78.88999938964844,76.97000122070312,77.29000091552734,77.29000091552734,361413.0,81.66500091552734,81.81500244140625,80.99150085449219,81.66500091552734,81.66500091552734,0.0
2023-04-21,77.12999725341797,78.38999938964844,76.72000122070312,77.87000274658203,77.87000274658203,291114.0,81.76499938964844,82.10549926757812,81.21299743652344,81.76499938964844,81.76499938964844,0.0
2023-04-24,77.97000122070312,79.18000030517578,76.72000122070312,78.76000213623047,78.76000213623047,306720.0,81.41500091552734,81.7020034790039,80.7750015258789,81.41500091552734,81.41500091552734,0.0
2023-04-25,78.73999786376953,79.06999969482422,76.5,77.06999969482422,77.06999969482422,361646.0,81.45999908447266,81.76950073242188,81.17500305175781,81.45999908447266,81.45999908447266,0.0
2023-04-26,77.08000183105469,77.93000030517578,74.05000305175781,74.30000305175781,74.30000305175781,497778.0,81.66500091552734,83.34649658203125,81.41400146484375,80.81600189208984,80.81600189208984,0.0
2023-04-27,74.37999725341797,75.27999877929688,74.02999877929688,74.76000213623047,74.76000213623047,345880.0,81.76499938964844,81.92500305175781,81.2145004272461,81.76499938964844,81.76499938964844,0.0
2023-04-28,74.91000366210938,76.91999816894531,73.93000030517578,76.77999877929688,76.77999877929688,328399.0,81.81500244140625,81.81500244140625,78.86499786376953,81.81500244140625,81.81500244140625,0.0
2023-05-01,76.66000366210938,76.69000244140625,74.52999877929688,75.66000366210938,75.66000366210938,215017.0,80.41500091552734,80.41500091552734,79.19850158691406,80.41500091552734,80.41500091552734,0.0
2023-05-02,75.76000213623047,76.11000061035156,71.41999816894531,71.66000366210938,71.66000366210938,417820.0,80.66500091552734,80.66500091552734,79.35600280761719,80.66500091552734,80.66500091552734,0.0
2023-05-03,71.55999755859375,71.79000091552734,67.94999694824219,68.5999984741211,68.5999984741211,490523.0,80.07499694824219,80.08999633789062,78.875,80.07499694824219,80.07499694824219,0.0
2023-05-04,68.16000366210938,69.83999633789062,63.63999938964844,68.55999755859375,68.55999755859375,412495.0,79.46499633789062,79.46499633789062,77.45549774169922,79.46499633789062,79.46499633789062,0.0
2023-05-05,68.69999694824219,71.80999755859375,68.4800033569336,71.33999633789062,71.33999633789062,330585.0,78.46499633789062,78.46499633789062,76.32499694824219,78.46499633789062,78.46499633789062,0.0
2023-05-08,71.3499984741211,73.69000244140625,71.04000091552734,73.16000366210938,73.16000366210938,290076.0,77.7750015258789,78.43299865722656,76.46499633789062,77.7750015258789,77.7750015258789,0.0
2023-05-09,72.83999633789062,73.77999877929688,71.33999633789062,73.70999908447266,73.70999908447266,317493.0,77.69000244140625,78.53350067138672,77.26499938964844,77.69000244140625,77.69000244140625,0.0
2023-05-10,73.58000183105469,73.88999938964844,71.80000305175781,72.55999755859375,72.55999755859375,351506.0,77.96499633789062,78.28350067138672,75.79450225830078,77.96499633789062,77.96499633789062,0.0
2023-05-11,72.7699966430664,73.5,70.62999725341797,70.87000274658203,70.87000274658203,365892.0,76.07499694824219,77.94049835205078,75.2239990234375,77.69000244140625,77.69000244140625,0.0
2023-05-12,71.41999816894531,71.77999877929688,69.93000030517578,70.04000091552734,70.04000091552734,275435.0,76.96499633789062,78.16500091552734,76.17500305175781,76.96499633789062,76.96499633789062,0.0
2023-05-15,70.04000091552734,71.69000244140625,69.41000366210938,71.11000061035156,71.11000061035156,259013.0,77.32499694824219,79.83999633789062,77.32499694824219,77.32499694824219,77.32499694824219,0.0
2023-05-16,71.31999969482422,71.79000091552734,70.44999694824219,70.86000061035156,70.86000061035156,232328.0,79.71499633789062,80.73999786376953,79.125,79.71499633789062,79.71499633789062,0.0
2023-05-17,70.5999984741211,73.26000213623047,70.04000091552734,72.83000183105469,72.83000183105469,273708.0,80.45500183105469,81.22450256347656,79.84500122070312,80.45500183105469,80.45500183105469,0.0
2023-05-18,72.75,72.87000274658203,71.41999816894531,71.86000061035156,71.86000061035156,80864.0,79.71499633789062,80.43399810791016,79.44999694824219,79.71499633789062,79.71499633789062,0.0
2023-05-19,71.94000244140625,73.4000015258789,71.02999877929688,71.55000305175781,71.55000305175781,69949.0,80.36499786376953,80.52999877929688,79.28500366210938,80.36499786376953,80.36499786376953,0.0
2023-05-22,71.69999694824219,72.36000061035156,70.55000305175781,71.98999786376953,71.98999786376953,263977.0,80.06500244140625,80.2145004272461,79.38500213623047,80.06500244140625,80.06500244140625,0.0
2023-05-23,72.0999984741211,73.79000091552734,71.70999908447266,72.91000366210938,72.91000366210938,317586.0,80.46499633789062,80.68150329589844,79.56749725341797,80.46499633789062,80.46499633789062,0.0
2023-05-24,73.7699966430664,74.7300033569336,73.12999725341797,74.33999633789062,74.33999633789062,386611.0,80.125,80.56999969482422,78.80400085449219,80.125,80.125,0.0
2023-05-25,74.20999908447266,74.37000274658203,70.9800033569336,71.83000183105469,71.83000183105469,422637.0,80.06500244140625,80.41600036621094,79.29750061035156,80.06500244140625,80.06500244140625,0.0
2023-05-26,71.88999938964844,73.05000305175781,71.48999786376953,72.66999816894531,72.66999816894531,261498.0,80.21499633789062,80.260498046875,79.48249816894531,79.98999786376953,79.98999786376953,0.0
2023-05-30,73.2300033569336,73.55000305175781,69.0199966430664,69.45999908447266,69.45999908447266,440862.0,80.21499633789062,81.41799926757812,79.97250366210938,80.21499633789062,80.21499633789062,0.0
2023-05-31,69.62000274658203,69.69000244140625,67.02999877929688,68.08999633789062,68.08999633789062,444787.0,79.61000061035156,81.59249877929688,79.61000061035156,79.61000061035156,79.61000061035156,0.0
2023-06-01,67.5999984741211,71.06999969482422,67.51000213623047,70.0999984741211,70.0999984741211,395393.0,81.51499938964844,81.51499938964844,80.33499908447266,81.51499938964844,81.51499938964844,0.0
2023-06-02,70.20999908447266,72.16999816894531,70.0,71.73999786376953,71.73999786376953,322596.0,80.96499633789062,81.47100067138672,80.44750213623047,80.96499633789062,80.96499633789062,0.0
2023-06-05,75.02999877929688,75.05999755859375,71.7300033569336,72.1500015258789,72.1500015258789,383943.0,80.76499938964844,81.82499694824219,80.55750274658203,80.76499938964844,80.76499938964844,0.0
2023-06-06,71.98999786376953,72.33000183105469,70.12999725341797,71.73999786376953,71.73999786376953,314962.0,80.56500244140625,81.63999938964844,80.56500244140625,80.56500244140625,80.56500244140625,0.0
2023-06-07,71.55999755859375,73.19000244140625,71.01000213623047,72.52999877929688,72.52999877929688,299127.0,81.31500244140625,81.8550033569336,80.87249755859375,81.31500244140625,81.31500244140625,0.0
2023-06-08,72.47000122070312,73.27999877929688,69.02999877929688,71.29000091552734,71.29000091552734,485396.0,81.51499938964844,82.60800170898438,81.51499938964844,81.51499938964844,81.51499938964844,0.0
2023-06-09,70.94000244140625,71.7699966430664,70.0999984741211,70.16999816894531,70.16999816894531,300724.0,81.9749984741211,82.92500305175781,81.625,81.9749984741211,81.9749984741211,0.0
2023-06-12,70.2699966430664,70.33000183105469,66.80000305175781,67.12000274658203,67.12000274658203,404769.0,82.69000244140625,83.76499938964844,81.9749984741211,82.69000244140625,82.69000244140625,0.0
2023-06-13,67.30999755859375,69.83000183105469,67.1500015258789,69.41999816894531,69.41999816894531,366354.0,83.84500122070312,84.19149780273438,82.375,83.84500122070312,83.84500122070312,0.0
2023-06-14,69.3499984741211,70.48999786376953,68.06999969482422,68.2699966430664,68.2699966430664,304449.0,83.91500091552734,84.875,83.82499694824219,83.91500091552734,83.91500091552734,0.0
2023-06-15,68.69999694824219,70.95999908447266,67.97000122070312,70.62000274658203,70.62000274658203,115613.0,83.96499633789062,84.4749984741211,83.00250244140625,83.96499633789062,83.96499633789062,0.0
2023-06-16,70.55000305175781,71.88999938964844,69.94999694824219,71.77999877929688,71.77999877929688,99185.0,83.44499969482422,84.02200317382812,83.4124984741211,83.44499969482422,83.44499969482422,0.0
2023-06-20,71.44999694824219,72.08999633789062,69.6500015258789,70.5,70.5,430492.0,83.81500244140625,84.89700317382812,83.44499969482422,83.81500244140625,83.81500244140625,0.0
2023-06-21,70.9000015258789,72.72000122070312,70.80000305175781,72.52999877929688,72.52999877929688,264656.0,83.81500244140625,84.84950256347656,83.802001953125,84.71399688720703,84.71399688720703,0.0
2023-06-22,72.43000030517578,72.6500015258789,68.93000030517578,69.51000213623047,69.51000213623047,421348.0,83.61499786376953,84.06500244140625,82.48249816894531,83.61499786376953,83.61499786376953,0.0
2023-06-23,69.52999877929688,69.6500015258789,67.3499984741211,69.16000366210938,69.16000366210938,322475.0,80.94999694824219,84.87349700927734,80.94999694824219,80.94999694824219,80.94999694824219,0.0
2023-06-26,69.83999633789062,70.11000061035156,68.70999908447266,69.37000274658203,69.37000274658203,280116.0,83.61499786376953,86.9749984741211,83.61499786376953,83.61499786376953,83.61499786376953,0.0
2023-06-27,69.48999786376953,70.1500015258789,67.5,67.69999694824219,67.69999694824219,384752.0,84.375,85.55500030517578,84.375,84.375,84.375,0.0
2023-06-28,68.01000213623047,69.7300033569336,67.05000305175781,69.55999755859375,69.55999755859375,368295.0,85.33999633789062,86.83999633789062,84.76399993896484,85.33999633789062,85.33999633789062,0.0
2023-06-29,69.25,70.5999984741211,68.93000030517578,69.86000061035156,69.86000061035156,292865.0,85.8550033569336,87.71499633789062,85.8550033569336,85.8550033569336,85.8550033569336,0.0
2023-06-30,69.81999969482422,71.04000091552734,69.52999877929688,70.63999938964844,70.63999938964844,299873.0,86.82499694824219,89.76499938964844,86.82499694824219,86.82499694824219,86.82499694824219,0.0
2023-07-03,70.44999694824219,71.7699966430664,69.69000244140625,69.79000091552734,69.79000091552734,303479.0,87.91500091552734,89.91100311279297,87.91500091552734,87.91500091552734,87.91500091552734,0.0
2023-07-05,70.1500015258789,72.16999816894531,69.9000015258789,71.79000091552734,71.79000091552734,456809.0,90.96499633789062,91.15299987792969,89.07250213623047,89.96499633789062,89.96499633789062,0.0
2023-07-06,71.80000305175781,72.33999633789062,70.22000122070312,71.80000305175781,71.80000305175781,395381.0,91.21499633789062,94.53500366210938,90.21499633789062,91.21499633789062,91.21499633789062,0.0
2023-07-07,71.88999938964844,73.91999816894531,71.19000244140625,73.86000061035156,73.86000061035156,362632.0,91.21499633789062,92.37349700927734,91.06849670410156,91.21499633789062,91.21499633789062,0.0
2023-07-10,73.86000061035156,74.1500015258789,72.66999816894531,72.98999786376953,72.98999786376953,301014.0,91.2249984741211,92.02899932861328,90.50299835205078,91.2249984741211,91.2249984741211,0.0
2023-07-11,73.19000244140625,74.95999908447266,72.9800033569336,74.83000183105469,74.83000183105469,326883.0,90.51499938964844,90.94000244140625,89.73249816894531,90.51499938964844,90.51499938964844,0.0
2023-07-12,74.83000183105469,76.1500015258789,74.66999816894531,75.75,75.75,352887.0,90.46499633789062,90.94450378417969,89.91100311279297,90.46499633789062,90.46499633789062,0.0
2023-07-13,75.8499984741211,77.33000183105469,75.31999969482422,76.88999938964844,76.88999938964844,379728.0,90.46499633789062,91.34100341796875,89.5634994506836,90.46499633789062,90.46499633789062,0.0
2023-07-14,77.16000366210938,77.30000305175781,75.11000061035156,75.41999816894531,75.41999816894531,299576.0,90.09500122070312,90.56900024414062,89.59500122070312,90.09500122070312,90.09500122070312,0.0
2023-07-17,75.0199966430664,76.08999633789062,73.83999633789062,74.1500015258789,74.1500015258789,244785.0,90.21499633789062,90.85099792480469,89.71499633789062,90.21499633789062,90.21499633789062,0.0
2023-07-18,74.18000030517578,75.95999908447266,73.87999725341797,75.75,75.75,125092.0,90.56999969482422,91.16500091552734,89.9749984741211,90.56999969482422,90.56999969482422,0.0
2023-07-19,75.83999633789062,76.97000122070312,75.06999969482422,75.3499984741211,75.3499984741211,92920.0,90.46499633789062,91.6500015258789,90.22750091552734,90.96499633789062,90.96499633789062,0.0
2023-07-20,75.3499984741211,76.1500015258789,74.72000122070312,75.62999725341797,75.62999725341797,340962.0,91.91500091552734,91.91500091552734,90.22000122070312,91.91500091552734,91.91500091552734,0.0
2023-07-21,75.69999694824219,77.29000091552734,75.69000244140625,77.06999969482422,77.06999969482422,308106.0,90.06500244140625,91.06500244140625,89.9124984741211,90.06500244140625,90.06500244140625,0.0
2023-07-24,77.01000213623047,79.27999877929688,76.44000244140625,78.73999786376953,78.73999786376953,368285.0,90.46499633789062,91.02249908447266,89.83499908447266,90.46499633789062,90.46499633789062,0.0
2023-07-25,78.8499984741211,79.9000015258789,78.29000091552734,79.62999725341797,79.62999725341797,349600.0,90.41500091552734,90.44000244140625,88.92749786376953,90.41500091552734,90.41500091552734,0.0
2023-07-26,79.33999633789062,79.7699966430664,78.55000305175781,78.77999877929688,78.77999877929688,322031.0,90.16500091552734,90.375,89.60250091552734,90.16500091552734,90.16500091552734,0.0
2023-07-27,78.9000015258789,80.5999984741211,78.87000274658203,80.08999633789062,80.08999633789062,374358.0,89.96499633789062,90.76499938964844,89.36750030517578,89.96499633789062,89.96499633789062,0.0
2023-07-28,79.83999633789062,80.70999908447266,79.06999969482422,80.58000183105469,80.58000183105469,299547.0,90.66500091552734,92.23999786376953,89.77249908447266,90.66500091552734,90.66500091552734,0.0
2023-07-31,80.6500015258789,82.0,80.12999725341797,81.80000305175781,81.80000305175781,297270.0,92.0250015258789,92.46649932861328,91.2750015258789,92.0250015258789,92.0250015258789,0.0
2023-08-01,81.7300033569336,82.22000122070312,80.58999633789062,81.37000274658203,81.37000274658203,307859.0,91.61499786376953,92.1969985961914,91.3115005493164,91.61499786376953,91.61499786376953,0.0
2023-08-02,82.05000305175781,82.43000030517578,79.05000305175781,79.48999786376953,79.48999786376953,414825.0,92.375,94.4114990234375,91.95249938964844,92.375,92.375,0.0
2023-08-03,79.7699966430664,81.86000061035156,78.69000244140625,81.55000305175781,81.55000305175781,402641.0,94.01499938964844,94.66500091552734,93.07599639892578,94.01499938964844,94.01499938964844,0.0
2023-08-04,81.7300033569336,83.23999786376953,81.51000213623047,82.81999969482422,82.81999969482422,320873.0,94.96499633789062,97.36000061035156,94.14350128173828,94.96499633789062,94.96499633789062,0.0
2023-08-07,82.81999969482422,83.30000305175781,81.5199966430664,81.94000244140625,81.94000244140625,293036.0,95.83999633789062,97.01000213623047,95.18800354003906,95.83999633789062,95.83999633789062,0.0
2023-08-08,82.52999877929688,83.08000183105469,79.9000015258789,82.91999816894531,82.91999816894531,424545.0,95.71499633789062,97.65599822998047,95.01750183105469,95.71499633789062,95.71499633789062,0.0
2023-08-09,82.87999725341797,84.6500015258789,82.66999816894531,84.4000015258789,84.4000015258789,478140.0,97.16999816894531,98.35600280761719,95.71499633789062,97.16999816894531,97.16999816894531,0.0
2023-08-10,84.25,84.88999938964844,82.58000183105469,82.81999969482422,82.81999969482422,362188.0,96.83999633789062,97.80750274658203,96.30249786376953,96.83999633789062,96.83999633789062,0.0
2023-08-11,82.83000183105469,83.80999755859375,82.2300033569336,83.19000244140625,83.19000244140625,331254.0,96.98999786376953,99.33200073242188,96.989501953125,96.98999786376953,96.98999786376953,0.0
2023-08-14,83.08999633789062,83.19999694824219,81.76000213623047,82.51000213623047,82.51000213623047,277352.0,99.95999908447266,102.34500122070312,98.46499633789062,99.95999908447266,99.95999908447266,0.0
2023-08-15,82.5199966430664,82.91000366210938,80.4000015258789,80.98999786376953,80.98999786376953,303207.0,98.46499633789062,99.53900146484375,95.12000274658203,96.96499633789062,96.96499633789062,0.0
2023-08-16,81.2300033569336,81.43000030517578,79.05000305175781,79.37999725341797,79.37999725341797,325403.0,98.46499633789062,98.46499633789062,93.1510009765625,98.46499633789062,98.46499633789062,0.0
2023-08-17,79.25,81.08000183105469,78.94999694824219,80.38999938964844,80.38999938964844,235581.0,97.31500244140625,97.31500244140625,92.13249969482422,94.46399688720703,94.46399688720703,0.0
2023-08-18,80.04000091552734,81.61000061035156,79.58999633789062,81.25,81.25,128090.0,94.46499633789062,94.46499633789062,92.47000122070312,94.46499633789062,94.46499633789062,0.0
2023-08-21,81.43000030517578,82.47000122070312,80.61000061035156,80.72000122070312,80.72000122070312,115874.0,95.16500091552734,95.16500091552734,92.65149688720703,95.16500091552734,95.16500091552734,0.0
2023-08-22,80.80000305175781,80.98999786376953,80.0999984741211,80.3499984741211,80.3499984741211,287489.0,93.46499633789062,94.6875,93.46499633789062,93.46499633789062,93.46499633789062,0.0
2023-08-23,79.63999938964844,79.91000366210938,77.62000274658203,78.88999938964844,78.88999938964844,378146.0,94.46499633789062,94.91899871826172,93.50250244140625,94.46499633789062,94.46499633789062,0.0
2023-08-24,78.56999969482422,79.27999877929688,77.58999633789062,79.05000305175781,79.05000305175781,349230.0,93.96499633789062,95.08599853515625,93.96499633789062,94.96600341796875,94.96600341796875,0.0
2023-08-25,78.87999725341797,80.44999694824219,78.13999938964844,79.83000183105469,79.83000183105469,411409.0,94.46499633789062,95.65399932861328,93.76599884033203,94.46499633789062,94.46499633789062,0.0
2023-08-28,80.1500015258789,80.87000274658203,79.61000061035156,80.0999984741211,80.0999984741211,246584.0,95.46499633789062,95.87999725341797,94.46499633789062,95.46499633789062,95.46499633789062,0.0
2023-08-29,79.9800033569336,81.41000366210938,79.33999633789062,81.16000366210938,81.16000366210938,284168.0,94.46499633789062,96.49199676513672,93.41000366210938,94.46499633789062,94.46499633789062,0.0
2023-08-30,81.29000091552734,82.05000305175781,80.87999725341797,81.62999725341797,81.62999725341797,299418.0,95.38999938964844,97.02200317382812,95.37699890136719,95.38999938964844,95.38999938964844,0.0
2023-08-31,81.69999694824219,83.69000244140625,81.4800033569336,83.62999725341797,83.62999725341797,368848.0,96.26499938964844,96.73400115966797,95.33200073242188,96.26499938964844,96.26499938964844,0.0
2023-09-01,83.62999725341797,86.05999755859375,83.45999908447266,85.55000305175781,85.55000305175781,420461.0,95.83999633789062,96.6364974975586,95.66500091552734,95.83999633789062,95.83999633789062,0.0
2023-09-05,86.05999755859375,88.06999969482422,85.0199966430664,86.69000244140625,86.69000244140625,452908.0,96.21499633789062,98.10800170898438,96.21499633789062,96.21499633789062,96.21499633789062,0.0
2023-09-06,86.72000122070312,88.08000183105469,85.93000030517578,87.54000091552734,87.54000091552734,307115.0,96.73500061035156,98.38749694824219,96.73500061035156,96.73500061035156,96.73500061035156,0.0
2023-09-07,87.54000091552734,87.73999786376953,86.38999938964844,86.87000274658203,86.87000274658203,270736.0,97.76499938964844,98.56500244140625,97.17400360107422,97.76499938964844,97.76499938964844,0.0
2023-09-08,86.77999877929688,87.94999694824219,86.1500015258789,87.51000213623047,87.51000213623047,294437.0,98.46499633789062,98.46499633789062,97.2300033569336,98.46499633789062,98.46499633789062,0.0
2023-09-11,87.4000015258789,88.1500015258789,86.70999908447266,87.29000091552734,87.29000091552734,292388.0,97.71499633789062,97.71499633789062,95.18250274658203,97.71499633789062,97.71499633789062,0.0
2023-09-12,87.2699966430664,89.37000274658203,87.22000122070312,88.83999633789062,88.83999633789062,341137.0,95.01499938964844,95.21499633789062,93.07499694824219,95.01499938964844,95.01499938964844,0.0
2023-09-13,88.75,89.63999938964844,88.29000091552734,88.5199966430664,88.5199966430664,345972.0,95.96499633789062,96.5425033569336,94.5,94.86900329589844,94.86900329589844,0.0
2023-09-14,88.80999755859375,90.79000091552734,88.68000030517578,90.16000366210938,90.16000366210938,325270.0,95.96499633789062,96.89749908447266,95.61380004882812,95.96499633789062,95.96499633789062,0.0
2023-09-15,90.66999816894531,91.2300033569336,89.22000122070312,90.7699966430664,90.7699966430664,315003.0,95.46499633789062,97.1135025024414,95.46499633789062,95.46499633789062,95.46499633789062,0.0
2023-09-18,91.19999694824219,92.43000030517578,90.75,91.4800033569336,91.4800033569336,119258.0,96.76499938964844,97.12750244140625,95.54000091552734,96.76499938964844,96.76499938964844,0.0
2023-09-19,92.22000122070312,93.73999786376953,91.06999969482422,91.19999694824219,91.19999694824219,94597.0,95.91500091552734,96.71749877929688,94.8949966430664,95.91500091552734,95.91500091552734,0.0
2023-09-20,91.55000305175781,91.9800033569336,89.87000274658203,90.27999877929688,90.27999877929688,457854.0,95.96499633789062,97.10250091552734,95.88999938964844,97.46600341796875,97.46600341796875,0.0
2023-09-21,89.30000305175781,90.9800033569336,88.37000274658203,89.62999725341797,89.62999725341797,351032.0,95.98999786376953,96.61599731445312,95.3499984741211,95.98999786376953,95.98999786376953,0.0
2023-09-22,89.62000274658203,91.33000183105469,89.30999755859375,90.02999877929688,90.02999877929688,402087.0,95.16500091552734,96.21499633789062,95.16500091552734,96.06400299072266,96.06400299072266,0.0
2023-09-25,90.55000305175781,90.83000183105469,89.02999877929688,89.68000030517578,89.68000030517578,328369.0,96.26499938964844,96.47750091552734,95.09349822998047,96.26499938964844,96.26499938964844,0.0
2023-09-26,89.87999725341797,90.73999786376953,88.19000244140625,90.38999938964844,90.38999938964844,318016.0,94.80500030517578,97.46499633789062,94.80500030517578,94.80500030517578,94.80500030517578,0.0
2023-09-27,90.52999877929688,94.16999816894531,90.4000015258789,93.68000030517578,93.68000030517578,504630.0,95.16500091552734,97.48999786376953,95.16400146484375,96.56500244140625,96.56500244140625,0.0
2023-09-28,93.77999877929688,95.02999877929688,91.38999938964844,91.70999908447266,91.70999908447266,406709.0,97.03500366210938,97.33999633789062,96.57499694824219,96.06999969482422,96.06999969482422,0.0
2023-09-29,91.76000213623047,93.0999984741211,90.3499984741211,90.79000091552734,90.79000091552734,355782.0,96.61499786376953,97.96499633789062,95.5999984741211,96.61499786376953,96.61499786376953,0.0
2023-10-02,90.81999969482422,91.87999725341797,88.45999908447266,88.81999969482422,88.81999969482422,334493.0,97.96499633789062,99.46499633789062,97.69999694824219,97.96499633789062,97.96499633789062,0.0
2023-10-03,88.66999816894531,90.2699966430664,87.76000213623047,89.2300033569336,89.2300033569336,350659.0,98.76499938964844,100.26499938964844,98.16999816894531,98.76499938964844,98.76499938964844,0.0
2023-10-04,89.41999816894531,89.58999633789062,84.16000366210938,84.22000122070312,84.22000122070312,459995.0,100.96499633789062,100.96499633789062,98.40499877929688,100.96499633789062,100.96499633789062,0.0
2023-10-05,84.44999694824219,84.91999816894531,82.1500015258789,82.30999755859375,82.30999755859375,465997.0,99.46499633789062,100.13999938964844,99.1675033569336,99.46499633789062,99.46499633789062,0.0
2023-10-06,82.27999877929688,83.27999877929688,81.5,82.79000091552734,82.79000091552734,461139.0,100.08999633789062,101.58000183105469,99.18599700927734,100.08999633789062,100.08999633789062,0.0
2023-10-09,85.25,87.23999786376953,84.66999816894531,86.37999725341797,86.37999725341797,435037.0,100.96499633789062,103.00499725341797,98.86250305175781,100.96499633789062,100.96499633789062,0.0
2023-10-10,86.43000030517578,86.73999786376953,85.12000274658203,85.97000122070312,85.97000122070312,337654.0,99.21499633789062,100.7249984741211,98.61650085449219,99.21499633789062,99.21499633789062,0.0
2023-10-11,85.95999908447266,86.51000213623047,83.11000061035156,83.48999786376953,83.48999786376953,425395.0,100.26480102539062,100.63999938964844,99.44999694824219,100.26480102539062,100.26480102539062,0.0
2023-10-12,83.19999694824219,85.19999694824219,82.30999755859375,82.91000366210938,82.91000366210938,373492.0,100.46499633789062,100.46499633789062,95.9800033569336,97.71600341796875,97.71600341796875,0.0
2023-10-13,83.51000213623047,87.83000183105469,83.3499984741211,87.69000244140625,87.69000244140625,356863.0,97.69000244140625,97.85250091552734,96.19750213623047,97.69000244140625,97.69000244140625,0.0
2023-10-16,87.72000122070312,88.33000183105469,86.31999969482422,86.66000366210938,86.66000366210938,235780.0,97.66500091552734,98.06400299072266,96.9375,97.66500091552734,97.66500091552734,0.0
2023-10-17,87.05999755859375,87.75,85.5999984741211,86.66000366210938,86.66000366210938,197124.0,97.31500244140625,97.73999786376953,96.8550033569336,97.31500244140625,97.31500244140625,0.0
2023-10-18,87.80999755859375,89.87999725341797,87.19999694824219,88.31999969482422,88.31999969482422,92797.0,97.99500274658203,97.99500274658203,96.98600006103516,97.99500274658203,97.99500274658203,0.0
2023-10-19,88.23999786376953,90.68000030517578,86.5999984741211,89.37000274658203,89.37000274658203,72058.0,98.07499694824219,98.07499694824219,96.72750091552734,98.07499694824219,98.07499694824219,0.0
2023-10-20,90.27999877929688,90.77999877929688,88.33000183105469,88.75,88.75,311917.0,96.1500015258789,96.99250030517578,95.24250030517578,96.1500015258789,96.1500015258789,0.0
2023-10-23,88.0,88.29000091552734,85.3499984741211,85.48999786376953,85.48999786376953,315517.0,95.41500091552734,95.5250015258789,94.13999938964844,95.41500091552734,95.41500091552734,0.0
2023-10-24,86.1500015258789,86.30000305175781,82.94000244140625,83.73999786376953,83.73999786376953,370591.0,94.46499633789062,94.46499633789062,93.08899688720703,94.46499633789062,94.46499633789062,0.0
2023-10-25,83.69000244140625,85.55999755859375,82.08000183105469,85.38999938964844,85.38999938964844,429459.0,93.44499969482422,93.74099731445312,92.82150268554688,93.44499969482422,93.44499969482422,0.0
2023-10-26,85.37000274658203,85.58999633789062,82.55999755859375,83.20999908447266,83.20999908447266,341792.0,93.96499633789062,94.1449966430664,93.08999633789062,93.96499633789062,93.96499633789062,0.0
2023-10-27,83.52999877929688,85.9000015258789,83.0999984741211,85.54000091552734,85.54000091552734,333760.0,93.61499786376953,95.00450134277344,92.48249816894531,93.61499786376953,93.61499786376953,0.0
2023-10-30,85.0,85.30000305175781,81.81999969482422,82.30999755859375,82.30999755859375,356928.0,94.16500091552734,94.25499725341797,92.8280029296875,94.16500091552734,94.16500091552734,0.0
2023-10-31,82.58999633789062,83.37000274658203,80.73999786376953,81.0199966430664,81.0199966430664,346007.0,92.5199966430664,93.68099975585938,91.5625,92.5199966430664,92.5199966430664,0.0
2023-11-01,81.4800033569336,83.41999816894531,80.30000305175781,80.44000244140625,80.44000244140625,321592.0,93.29000091552734,93.63749694824219,92.15049743652344,93.29000091552734,93.29000091552734,0.0
2023-11-02,80.81999969482422,82.83000183105469,80.22000122070312,82.45999908447266,82.45999908447266,307122.0,92.57499694824219,93.32949829101562,92.43000030517578,92.57499694824219,92.57499694824219,0.0
2023-11-03,82.58000183105469,83.5999984741211,80.0999984741211,80.51000213623047,80.51000213623047,457281.0,93.23999786376953,93.62249755859375,91.91400146484375,93.23999786376953,93.23999786376953,0.0
2023-11-06,81.12999725341797,82.23999786376953,80.66000366210938,80.81999969482422,80.81999969482422,271131.0,92.25499725341797,92.61499786376953,91.72000122070312,91.69599914550781,91.69599914550781,0.0
2023-11-07,80.93000030517578,81.05000305175781,77.08999633789062,77.37000274658203,77.37000274658203,396289.0,92.62000274658203,92.86499786376953,91.76499938964844,92.62000274658203,92.62000274658203,0.0
2023-11-08,77.12000274658203,77.52999877929688,74.91000366210938,75.33000183105469,75.33000183105469,429647.0,92.06500244140625,92.4010009765625,91.7145004272461,92.06500244140625,92.06500244140625,0.0
2023-11-09,75.6500015258789,77.16000366210938,75.20999908447266,75.73999786376953,75.73999786376953,303430.0,91.81500244140625,92.3395004272461,91.69750213623047,91.81500244140625,91.81500244140625,0.0
2023-11-10,75.58999633789062,77.7300033569336,75.30999755859375,77.16999816894531,77.16999816894531,266998.0,91.63999938964844,92.37650299072266,91.63999938964844,91.63999938964844,91.63999938964844,0.0
2023-11-13,77.1500015258789,78.63999938964844,76.20999908447266,78.26000213623047,78.26000213623047,262903.0,92.23999786376953,92.4124984741211,91.37100219726562,92.16999816894531,92.16999816894531,0.0
2023-11-14,78.52999877929688,79.7699966430664,77.79000091552734,78.26000213623047,78.26000213623047,263002.0,91.87999725341797,91.87999725341797,90.18900299072266,91.87999725341797,91.87999725341797,0.0
2023-11-15,78.16999816894531,78.7699966430664,76.30999755859375,76.66000366210938,76.66000366210938,282301.0,90.5,91.18250274658203,88.75,90.5,90.5,0.0
2023-11-16,76.5999984741211,76.62999725341797,72.16000366210938,72.9000015258789,72.9000015258789,125165.0,89.41999816894531,89.66400146484375,88.5260009765625,89.41999816894531,89.41999816894531,0.0
2023-11-17,72.97000122070312,75.98999786376953,72.75,75.88999938964844,75.88999938964844,101484.0,89.31500244140625,90.23400115966797,88.88249969482422,89.31500244140625,89.31500244140625,0.0
2023-11-20,75.6500015258789,78.22000122070312,75.6500015258789,77.5999984741211,77.5999984741211,270638.0,89.69249725341797,89.9749984741211,87.0739974975586,89.33999633789062,89.33999633789062,0.0
2023-11-21,77.6500015258789,77.91999816894531,76.91999816894531,77.7699966430664,77.7699966430664,238629.0,88.5199966430664,88.54000091552734,86.71649932861328,88.5199966430664,88.5199966430664,0.0
2023-11-22,77.7699966430664,77.97000122070312,73.79000091552734,77.0999984741211,77.0999984741211,389325.0,88.20999908447266,88.59449768066406,87.65750122070312,88.20999908447266,88.20999908447266,0.0
2023-11-23,76.79000091552734,76.80999755859375,75.30000305175781,76.3499984741211,76.3499984741211,389325.0,88.36499786376953,88.74400329589844,87.9000015258789,88.36499786376953,88.36499786376953,0.0
2023-11-24,76.79000091552734,77.08999633789062,75.06999969482422,75.54000091552734,75.54000091552734,281147.0,88.23999786376953,89.46399688720703,88.11000061035156,88.23999786376953,88.23999786376953,0.0
2023-11-27,75.30999755859375,76.2300033569336,74.05999755859375,74.86000061035156,74.86000061035156,289562.0,89.26499938964844,89.26499938964844,88.16500091552734,89.24500274658203,89.24500274658203,0.0
2023-11-28,75.06999969482422,77.0199966430664,74.63999938964844,76.41000366210938,76.41000366210938,286618.0,89.04000091552734,89.61699676513672,88.35250091552734,89.04000091552734,89.04000091552734,0.0
2023-11-29,76.55999755859375,78.08999633789062,75.66999816894531,77.86000061035156,77.86000061035156,322170.0,88.84500122070312,89.17500305175781,88.19000244140625,88.84500122070312,88.84500122070312,0.0
2023-11-30,77.75,79.5999984741211,75.05000305175781,75.95999908447266,75.95999908447266,559169.0,88.66500091552734,90.06500244140625,88.04750061035156,88.66500091552734,88.66500091552734,0.0
2023-12-01,75.58999633789062,76.76000213623047,73.93000030517578,74.06999969482422,74.06999969482422,358976.0,89.94000244140625,90.71499633789062,88.6449966430664,89.94000244140625,89.94000244140625,0.0
2023-12-04,74.58000183105469,75.02999877929688,72.62999725341797,73.04000091552734,73.04000091552734,388832.0,91.19000244140625,91.58999633789062,90.375,91.19000244140625,91.19000244140625,0.0
2023-12-05,73.30000305175781,74.12000274658203,72.0199966430664,72.31999969482422,72.31999969482422,358703.0,91.46499633789062,92.51249694824219,90.17749786376953,91.46499633789062,91.46499633789062,0.0
2023-12-06,72.0999984741211,72.5999984741211,69.11000061035156,69.37999725341797,69.37999725341797,436803.0,90.17749786376953,93.27999877929688,90.17749786376953,90.17749786376953,90.17749786376953,0.0
2023-12-07,69.27999877929688,70.4800033569336,68.80000305175781,69.33999633789062,69.33999633789062,339000.0,92.76499938964844,93.5250015258789,92.13500213623047,92.76499938964844,92.76499938964844,0.0
2023-12-08,69.76000213623047,71.62999725341797,69.5,71.2300033569336,71.2300033569336,302250.0,92.4000015258789,92.41999816894531,90.70600128173828,92.4000015258789,92.4000015258789,0.0
2023-12-11,71.1500015258789,71.80999755859375,70.3499984741211,71.31999969482422,71.31999969482422,274414.0,92.11499786376953,92.1500015258789,90.3030014038086,92.12000274658203,92.12000274658203,0.0
2023-12-12,71.43000030517578,71.95999908447266,68.22000122070312,68.61000061035156,68.61000061035156,324530.0,90.92500305175781,90.92500305175781,89.6084976196289,90.92500305175781,90.92500305175781,0.0
2023-12-13,68.7300033569336,69.88999938964844,67.70999908447266,69.47000122070312,69.47000122070312,306996.0,90.26499938964844,90.26499938964844,89.58499908447266,90.26499938964844,90.26499938964844,0.0
2023-12-14,69.8499984741211,72.45999908447266,69.54000091552734,71.58000183105469,71.58000183105469,275688.0,89.31500244140625,90.48100280761719,88.38500213623047,89.31500244140625,89.31500244140625,0.0
2023-12-15,71.61000061035156,72.22000122070312,70.30000305175781,71.43000030517578,71.43000030517578,95513.0,89.48999786376953,90.79299926757812,88.97750091552734,89.48999786376953,89.48999786376953,0.0
2023-12-18,71.68000030517578,74.26000213623047,70.63999938964844,72.47000122070312,72.47000122070312,73941.0,90.61499786376953,90.8239974975586,89.89199829101562,90.61499786376953,90.61499786376953,0.0
2023-12-19,72.4800033569336,74.01000213623047,71.8499984741211,73.44000244140625,73.44000244140625,230042.0,90.48999786376953,90.66899871826172,89.77400207519531,90.48999786376953,90.48999786376953,0.0
2023-12-20,74.05999755859375,75.37000274658203,73.5999984741211,74.22000122070312,74.22000122070312,273364.0,90.44000244140625,91.21499633789062,89.57499694824219,90.44000244140625,90.44000244140625,0.0
2023-12-21,73.80999755859375,74.58000183105469,72.44000244140625,73.88999938964844,73.88999938964844,251982.0,90.05500030517578,92.59750366210938,90.05500030517578,90.05500030517578,90.05500030517578,0.0
2023-12-22,73.91000366210938,74.9800033569336,73.38999938964844,73.55999755859375,73.55999755859375,222600.0,92.86000061035156,92.86000061035156,91.2874984741211,92.86000061035156,92.86000061035156,0.0
2023-12-26,73.55999755859375,76.18000030517578,73.12999725341797,75.56999969482422,75.56999969482422,208715.0,91.9574966430664,91.9574966430664,91.39250183105469,91.9574966430664,91.9574966430664,0.0
2023-12-27,75.31999969482422,75.66000366210938,73.7699966430664,74.11000061035156,74.11000061035156,253323.0,91.59500122070312,92.10399627685547,90.98249816894531,91.59500122070312,91.59500122070312,0.0
2023-12-28,73.80000305175781,74.4000015258789,71.72000122070312,71.7699966430664,71.7699966430664,262748.0,91.61000061035156,91.61000061035156,88.89250183105469,91.61000061035156,91.61000061035156,0.0
2023-12-29,71.98999786376953,72.62000274658203,71.25,71.6500015258789,71.6500015258789,214486.0,88.44000244140625,90.91400146484375,88.44000244140625,88.44000244140625,88.44000244140625,0.0
2024-01-02,71.70999908447266,73.63999938964844,70.05999755859375,70.37999725341797,70.37999725341797,330992.0,89.21499633789062,91.19499969482422,89.21499633789062,89.21499633789062,89.21499633789062,0.0
2024-01-03,70.5,73.2300033569336,69.27999877929688,72.69999694824219,72.69999694824219,334861.0,90.3949966430664,91.96499633789062,90.3949966430664,90.3949966430664,90.3949966430664,0.0
2024-01-04,73.04000091552734,74.0,71.05999755859375,72.19000244140625,72.19000244140625,344467.0,91.96499633789062,92.33499908447266,91.04499816894531,91.96499633789062,91.96499633789062,0.0
2024-01-05,72.4000015258789,74.23999786376953,72.20999908447266,73.80999755859375,73.80999755859375,325525.0,91.31500244140625,91.66500091552734,90.6449966430664,91.31500244140625,91.31500244140625,0.0
2024-01-08,73.51000213623047,73.94999694824219,70.12999725341797,70.7699966430664,70.7699966430664,392249.0,90.91999816894531,90.91999816894531,90.91999816894531,90.8949966430664,90.8949966430664,0.0
2024-01-09,70.91000366210938,72.93000030517578,70.47000122070312,72.23999786376953,72.23999786376953,363445.0,90.91999816894531,90.91999816894531,90.88999938964844,90.8949966430664,90.8949966430664,0.0
2024-01-10,72.16999816894531,73.58999633789062,71.01000213623047,71.37000274658203,71.37000274658203,352772.0,90.91999816894531,90.91999816894531,90.88999938964844,90.8949966430664,90.8949966430664,0.0
2024-01-11,71.33000183105469,73.80999755859375,71.16999816894531,72.0199966430664,72.0199966430664,373645.0,89.88999938964844,89.88999938964844,89.88999938964844,90.88999938964844,90.88999938964844,0.0
2024-01-12,73.01000213623047,75.25,72.36000061035156,72.68000030517578,72.68000030517578,403636.0,88.48999786376953,88.48999786376953,88.48999786376953,89.88999938964844,89.88999938964844,0.0
2024-01-16,72.62999725341797,73.55999755859375,71.2300033569336,72.4000015258789,72.4000015258789,430437.0,88.48999786376953,88.48999786376953,87.94999694824219,89.88999938964844,89.88999938964844,0.0
2024-01-17,72.0,72.94999694824219,70.5,72.55999755859375,72.55999755859375,315679.0,87.94999694824219,87.94999694824219,87.94999694824219,87.94999694824219,87.94999694824219,0.0
2024-01-18,72.77999877929688,74.37999725341797,72.18000030517578,74.08000183105469,74.08000183105469,86646.0,88.62000274658203,88.62000274658203,88.62000274658203,88.62000274658203,88.62000274658203,0.0
2024-01-19,74.08000183105469,74.91000366210938,73.19999694824219,73.41000366210938,73.41000366210938,78234.0,89.41999816894531,89.41999816894531,89.41999816894531,88.62000274658203,88.62000274658203,0.0
2024-01-22,73.41000366210938,75.75,72.88999938964844,75.19000244140625,75.19000244140625,372284.0,88.16999816894531,88.16999816894531,88.16999816894531,89.41999816894531,89.41999816894531,0.0
2024-01-23,74.68000030517578,75.25,73.41000366210938,74.37000274658203,74.37000274658203,306060.0,87.98999786376953,87.98999786376953,87.98999786376953,87.98999786376953,87.98999786376953,0.0
2024-01-24,74.56999969482422,75.83000183105469,73.94000244140625,75.08999633789062,75.08999633789062,323726.0,87.98999786376953,88.86000061035156,87.98999786376953,87.98999786376953,87.98999786376953,0.0
2024-01-25,75.30000305175781,77.51000213623047,75.16000366210938,77.36000061035156,77.36000061035156,320177.0,88.69000244140625,88.69000244140625,88.69000244140625,88.69000244140625,88.69000244140625,0.0
2024-01-26,77.1500015258789,78.26000213623047,76.05999755859375,78.01000213623047,78.01000213623047,365456.0,88.98999786376953,88.98999786376953,88.98999786376953,88.0,88.0,0.0
2024-01-29,78.9000015258789,79.29000091552734,76.41000366210938,76.77999877929688,76.77999877929688,331925.0,88.98999786376953,88.98999786376953,88.98999786376953,88.0,88.0,0.0
2024-01-30,77.0199966430664,78.13999938964844,75.8499984741211,77.81999969482422,77.81999969482422,347242.0,89.2699966430664,89.2699966430664,89.2699966430664,89.2699966430664,89.2699966430664,0.0
2024-01-31,77.83999633789062,78.11000061035156,75.5199966430664,75.8499984741211,75.8499984741211,344493.0,89.73999786376953,89.73999786376953,89.73999786376953,89.73999786376953,89.73999786376953,0.0
2024-02-01,75.95999908447266,76.94999694824219,73.69999694824219,73.81999969482422,73.81999969482422,577936.0,89.9800033569336,89.9800033569336,89.9800033569336,89.9800033569336,89.9800033569336,0.0
2024-02-02,73.91000366210938,74.5199966430664,71.79000091552734,72.27999877929688,72.27999877929688,467768.0,90.41000366210938,90.41000366210938,90.41000366210938,90.41000366210938,90.41000366210938,0.0
2024-02-05,72.75,73.27999877929688,71.41000366210938,72.77999877929688,72.77999877929688,350843.0,90.98999786376953,90.98999786376953,90.98999786376953,90.98999786376953,90.98999786376953,0.0
2024-02-06,72.76000213623047,73.81999969482422,72.37999725341797,73.30999755859375,73.30999755859375,310955.0,90.98999786376953,90.98999786376953,90.98999786376953,90.98999786376953,90.98999786376953,0.0
2024-02-07,73.5,74.22000122070312,73.2300033569336,73.86000061035156,73.86000061035156,294955.0,90.51000213623047,90.51000213623047,90.51000213623047,90.51000213623047,90.51000213623047,0.0
2024-02-08,74.08000183105469,76.58999633789062,73.55999755859375,76.22000122070312,76.22000122070312,377906.0,91.5999984741211,91.5999984741211,91.5999984741211,90.51000213623047,90.51000213623047,0.0
2024-02-09,76.41999816894531,77.29000091552734,75.93000030517578,76.83999633789062,76.83999633789062,302612.0,91.16999816894531,91.16999816894531,91.16999816894531,91.16999816894531,91.16999816894531,0.0
2024-02-12,76.5999984741211,77.08999633789062,75.54000091552734,76.91999816894531,76.91999816894531,248476.0,91.37000274658203,91.37000274658203,91.37000274658203,91.37000274658203,91.37000274658203,0.0
2024-02-13,77.02999877929688,78.47000122070312,76.87000274658203,77.87000274658203,77.87000274658203,338174.0,91.37000274658203,91.37000274658203,91.33999633789062,91.37000274658203,91.37000274658203,0.0
2024-02-14,77.80999755859375,78.7699966430664,76.37999725341797,76.63999938964844,76.63999938964844,296131.0,91.5,91.5,91.5,91.5,91.5,0.0
2024-02-15,76.5999984741211,78.44000244140625,75.77999877929688,78.02999877929688,78.02999877929688,122432.0,91.63999938964844,91.63999938964844,91.63999938964844,91.63999938964844,91.63999938964844,0.0
2024-02-16,78.11000061035156,79.3499984741211,77.22000122070312,79.19000244140625,79.19000244140625,113713.0,92.2699966430664,92.2699966430664,92.2699966430664,92.2699966430664,92.2699966430664,0.0
2024-02-20,78.9800033569336,79.80000305175781,77.66999816894531,78.18000030517578,78.18000030517578,435235.0,92.47000122070312,92.47000122070312,92.47000122070312,92.47000122070312,92.47000122070312,0.0
2024-02-21,77.1500015258789,78.08000183105469,76.31999969482422,77.91000366210938,77.91000366210938,323243.0,92.0999984741211,92.0999984741211,92.0999984741211,92.0999984741211,92.0999984741211,0.0
2024-02-22,78.08999633789062,78.91999816894531,77.2300033569336,78.61000061035156,78.61000061035156,330511.0,92.0999984741211,92.0999984741211,91.98999786376953,92.0999984741211,92.0999984741211,0.0
2024-02-23,78.37000274658203,78.38999938964844,76.3499984741211,76.48999786376953,76.48999786376953,353437.0,93.04000091552734,93.04000091552734,93.04000091552734,93.04000091552734,93.04000091552734,0.0
2024-02-26,76.4000015258789,78.02999877929688,75.83999633789062,77.58000183105469,77.58000183105469,274710.0,93.04000091552734,93.04000091552734,93.04000091552734,93.04000091552734,93.04000091552734,0.0
2024-02-27,77.62000274658203,79.0,77.16999816894531,78.87000274658203,78.87000274658203,269236.0,91.87000274658203,91.87000274658203,91.87000274658203,91.87000274658203,91.87000274658203,0.0
2024-02-28,78.4800033569336,79.62000274658203,77.77999877929688,78.54000091552734,78.54000091552734,330043.0,91.87000274658203,92.04000091552734,91.87000274658203,91.87000274658203,91.87000274658203,0.0
2024-02-29,78.19999694824219,79.27999877929688,77.94000244140625,78.26000213623047,78.26000213623047,317939.0,91.87000274658203,92.04000091552734,91.87000274658203,91.87000274658203,91.87000274658203,0.0
2024-03-01,78.27999877929688,80.8499984741211,78.05000305175781,79.97000122070312,79.97000122070312,363417.0,91.48999786376953,91.48999786376953,91.48999786376953,91.48999786376953,91.48999786376953,0.0
2024-03-04,80.13999938964844,80.41000366210938,78.55999755859375,78.73999786376953,78.73999786376953,347214.0,91.48999786376953,91.61000061035156,91.48999786376953,91.48999786376953,91.48999786376953,0.0
2024-03-05,78.73999786376953,79.48999786376953,77.5199966430664,78.1500015258789,78.1500015258789,436521.0,91.48999786376953,91.61000061035156,91.48999786376953,91.48999786376953,91.48999786376953,0.0
2024-03-06,78.1500015258789,80.66999816894531,77.98999786376953,79.12999725341797,79.12999725341797,371049.0,90.80999755859375,90.80999755859375,90.80999755859375,91.61000061035156,91.61000061035156,0.0
2024-03-07,79.12999725341797,79.52999877929688,78.0199966430664,78.93000030517578,78.93000030517578,432923.0,90.80999755859375,90.80999755859375,90.80999755859375,90.80999755859375,90.80999755859375,0.0
2024-03-08,79.51000213623047,79.98999786376953,77.55999755859375,78.01000213623047,78.01000213623047,347533.0,90.63999938964844,90.63999938964844,90.63999938964844,90.80999755859375,90.80999755859375,0.0
2024-03-11,77.80000305175781,78.47000122070312,76.79000091552734,77.93000030517578,77.93000030517578,329873.0,90.94000244140625,90.94000244140625,90.94000244140625,90.94000244140625,90.94000244140625,0.0
2024-03-12,78.08999633789062,78.7300033569336,77.33999633789062,77.55999755859375,77.55999755859375,309922.0,90.48999786376953,90.48999786376953,90.48999786376953,90.48999786376953,90.48999786376953,0.0
2024-03-13,78.05999755859375,79.9000015258789,77.56999969482422,79.72000122070312,79.72000122070312,316390.0,91.72000122070312,91.72000122070312,91.72000122070312,91.72000122070312,91.72000122070312,0.0
2024-03-14,79.62999725341797,81.62000274658203,79.56999969482422,81.26000213623047,81.26000213623047,297450.0,91.33999633789062,91.33999633789062,91.33999633789062,91.33999633789062,91.33999633789062,0.0
2024-03-15,81.13999938964844,81.44999694824219,80.48999786376953,81.04000091552734,81.04000091552734,185078.0,91.62000274658203,91.62000274658203,91.62000274658203,91.33999633789062,91.33999633789062,0.0
2024-03-18,81.02999877929688,83.08999633789062,81.01000213623047,82.72000122070312,82.72000122070312,84718.0,92.5199966430664,92.5199966430664,92.5199966430664,92.5199966430664,92.5199966430664,0.0
2024-03-19,82.8499984741211,83.8499984741211,82.38999938964844,83.47000122070312,83.47000122070312,76814.0,92.5199966430664,92.5199966430664,91.44000244140625,92.5199966430664,92.5199966430664,0.0
2024-03-20,83.19999694824219,83.20999908447266,81.44000244140625,81.68000030517578,81.68000030517578,351161.0,92.23999786376953,92.23999786376953,92.23999786376953,91.44000244140625,91.44000244140625,0.0
2024-03-21,81.48999786376953,81.91999816894531,80.30000305175781,81.06999969482422,81.06999969482422,266860.0,92.23999786376953,92.3499984741211,92.23999786376953,91.44000244140625,91.44000244140625,0.0
2024-03-22,80.83999633789062,81.44999694824219,80.41999816894531,80.62999725341797,80.62999725341797,231101.0,92.3499984741211,92.3499984741211,92.3499984741211,92.3499984741211,92.3499984741211,0.0
2024-03-25,80.8499984741211,82.4800033569336,80.58999633789062,81.94999694824219,81.94999694824219,300360.0,92.12000274658203,92.4749984741211,92.12000274658203,92.12000274658203,92.12000274658203,0.0
2024-03-26,81.94000244140625,82.36000061035156,81.22000122070312,81.62000274658203,81.62000274658203,235845.0,92.4749984741211,92.4749984741211,92.4749984741211,92.4749984741211,92.4749984741211,0.0
2024-03-27,81.29000091552734,81.73999786376953,80.55000305175781,81.3499984741211,81.3499984741211,249964.0,92.47000122070312,92.47000122070312,92.47000122070312,92.47000122070312,92.47000122070312,0.0
2024-03-28,81.70999908447266,83.20999908447266,81.5199966430664,83.16999816894531,83.16999816894531,293774.0,92.44000244140625,92.44000244140625,92.44000244140625,92.44000244140625,92.44000244140625,0.0
2024-04-01,83.13999938964844,84.48999786376953,82.5999984741211,83.70999908447266,83.70999908447266,321059.0,92.56999969482422,92.56999969482422,92.56999969482422,92.56999969482422,92.56999969482422,0.0
2024-04-02,84.04000091552734,85.5,83.8499984741211,85.1500015258789,85.1500015258789,344040.0,92.27999877929688,92.27999877929688,92.27999877929688,92.27999877929688,92.27999877929688,0.0
2024-04-03,85.45999908447266,86.19999694824219,84.8499984741211,85.43000030517578,85.43000030517578,322549.0,92.44999694824219,92.44999694824219,92.44999694824219,92.27999877929688,92.27999877929688,0.0
2024-04-04,85.66000366210938,87.22000122070312,84.63999938964844,86.58999633789062,86.58999633789062,359534.0,92.44999694824219,92.44999694824219,92.44999694824219,92.44999694824219,92.44999694824219,0.0
2024-04-05,86.86000061035156,87.62999725341797,86.31999969482422,86.91000366210938,86.91000366210938,353206.0,92.44999694824219,92.44999694824219,92.44999694824219,92.44999694824219,92.44999694824219,0.0
2024-04-08,86.0999984741211,87.0999984741211,84.69000244140625,86.43000030517578,86.43000030517578,393734.0,92.56999969482422,92.56999969482422,92.56999969482422,92.56999969482422,92.56999969482422,0.0
2024-04-09,86.58999633789062,86.9800033569336,85.08999633789062,85.2300033569336,85.2300033569336,314994.0,92.62000274658203,92.62000274658203,92.62000274658203,92.62000274658203,92.62000274658203,0.0
2024-04-10,85.33999633789062,86.37999725341797,84.55000305175781,86.20999908447266,86.20999908447266,373939.0,92.62000274658203,92.88999938964844,92.62000274658203,92.62000274658203,92.62000274658203,0.0
2024-04-11,86.31999969482422,86.62999725341797,84.83999633789062,85.0199966430664,85.0199966430664,388128.0,92.88999938964844,92.88999938964844,92.88999938964844,92.88999938964844,92.88999938964844,0.0
2024-04-12,85.5999984741211,87.66999816894531,85.23999786376953,85.66000366210938,85.66000366210938,369958.0,92.88999938964844,92.88999938964844,92.88999938964844,92.88999938964844,92.88999938964844,0.0
2024-04-15,85.93000030517578,86.11000061035156,84.05000305175781,85.41000366210938,85.41000366210938,343894.0,93.30000305175781,93.30000305175781,93.30000305175781,93.30000305175781,93.30000305175781,0.0
2024-04-16,85.69999694824219,86.18000030517578,84.75,85.36000061035156,85.36000061035156,241343.0,93.30000305175781,93.30000305175781,93.30000305175781,93.30000305175781,93.30000305175781,0.0
2024-04-17,85.36000061035156,85.51000213623047,82.55000305175781,82.69000244140625,82.69000244140625,259540.0,94.13999938964844,94.13999938964844,94.13999938964844,93.30000305175781,93.30000305175781,0.0
2024-04-18,82.79000091552734,83.47000122070312,81.55999755859375,82.7300033569336,82.7300033569336,84468.0,94.13999938964844,94.13999938964844,94.13999938964844,94.13999938964844,94.13999938964844,0.0
2024-04-19,82.62000274658203,86.27999877929688,81.80000305175781,83.13999938964844,83.13999938964844,76901.0,93.69999694824219,93.69999694824219,93.69999694824219,93.69999694824219,93.69999694824219,0.0
2024-04-22,83.05000305175781,83.3499984741211,81.8499984741211,82.8499984741211,82.8499984741211,313914.0,93.69999694824219,93.69999694824219,93.19999694824219,93.69999694824219,93.69999694824219,0.0
2024-04-23,82.12999725341797,83.43000030517578,80.87999725341797,83.36000061035156,83.36000061035156,355814.0,93.47000122070312,93.47000122070312,93.47000122070312,93.0199966430664,93.0199966430664,0.0
2024-04-24,83.4000015258789,83.70999908447266,82.44000244140625,82.80999755859375,82.80999755859375,329077.0,93.47000122070312,93.47000122070312,93.47000122070312,93.0199966430664,93.0199966430664,0.0
2024-04-25,82.83000183105469,83.83000183105469,81.98999786376953,83.56999969482422,83.56999969482422,314116.0,92.2699966430664,92.2699966430664,92.2699966430664,93.47000122070312,93.47000122070312,0.0
2024-04-26,83.80999755859375,84.45999908447266,83.3499984741211,83.8499984741211,83.8499984741211,244090.0,92.2699966430664,92.2699966430664,92.2699966430664,92.2699966430664,92.2699966430664,0.0
2024-04-29,83.69000244140625,83.91000366210938,82.4000015258789,82.62999725341797,82.62999725341797,336984.0,92.2699966430664,92.2699966430664,92.2699966430664,92.2699966430664,92.2699966430664,0.0
2024-04-30,82.76000213623047,83.30000305175781,80.94999694824219,81.93000030517578,81.93000030517578,400680.0,93.41999816894531,93.41999816894531,93.41999816894531,93.41999816894531,93.41999816894531,0.0
2024-05-01,81.4800033569336,81.56999969482422,78.83000183105469,79.0,79.0,441978.0,93.41999816894531,93.41999816894531,93.41999816894531,93.41999816894531,93.41999816894531,0.0
2024-05-02,79.1500015258789,79.9000015258789,78.41000366210938,78.94999694824219,78.94999694824219,359652.0,93.26000213623047,93.26000213623047,93.26000213623047,93.26000213623047,93.26000213623047,0.0
2024-05-03,79.06999969482422,79.62999725341797,77.95999908447266,78.11000061035156,78.11000061035156,324438.0,92.48999786376953,92.48999786376953,92.48999786376953,93.26000213623047,93.26000213623047,0.0
2024-05-06,78.16000366210938,79.08999633789062,77.91000366210938,78.4800033569336,78.4800033569336,297369.0,92.48999786376953,92.48999786376953,90.66999816894531,93.26000213623047,93.26000213623047,0.0
2024-05-07,78.72000122070312,79.16999816894531,77.55000305175781,78.37999725341797,78.37999725341797,327593.0,91.06999969482422,91.06999969482422,91.06999969482422,91.06999969482422,91.06999969482422,0.0
2024-05-08,78.33999633789062,79.2699966430664,76.88999938964844,78.98999786376953,78.98999786376953,355449.0,91.06999969482422,91.27999877929688,91.06999969482422,91.06999969482422,91.06999969482422,0.0
2024-05-09,79.2300033569336,79.80000305175781,78.91000366210938,79.26000213623047,79.26000213623047,272712.0,91.27999877929688,91.62000274658203,91.27999877929688,91.27999877929688,91.27999877929688,0.0
2024-05-10,79.58999633789062,79.95999908447266,78.13999938964844,78.26000213623047,78.26000213623047,281169.0,91.62000274658203,91.62000274658203,91.62000274658203,91.62000274658203,91.62000274658203,0.0
2024-05-13,78.18000030517578,79.48999786376953,77.77999877929688,79.12000274658203,79.12000274658203,287701.0,91.62000274658203,91.62000274658203,91.62000274658203,91.62000274658203,91.62000274658203,0.0
2024-05-14,79.2300033569336,79.37999725341797,77.68000030517578,78.0199966430664,78.0199966430664,307410.0,91.62000274658203,91.62000274658203,91.62000274658203,91.62000274658203,91.62000274658203,0.0
2024-05-15,78.44000244140625,78.91999816894531,76.69999694824219,78.62999725341797,78.62999725341797,321267.0,91.31999969482422,91.31999969482422,91.31999969482422,91.31999969482422,91.31999969482422,0.0
2024-05-16,78.83999633789062,79.8499984741211,78.19999694824219,79.2300033569336,79.2300033569336,230277.0,90.74500274658203,90.74500274658203,90.74500274658203,90.74500274658203,90.74500274658203,0.0
2024-05-17,79.37999725341797,80.13999938964844,79.0,80.05999755859375,80.05999755859375,94152.0,90.87000274658203,90.87000274658203,90.87000274658203,90.74500274658203,90.74500274658203,0.0
2024-05-20,80.01000213623047,80.5999984741211,79.16999816894531,79.80000305175781,79.80000305175781,85072.0,90.87000274658203,90.87000274658203,90.87000274658203,90.74500274658203,90.74500274658203,0.0
2024-05-21,79.69999694824219,79.72000122070312,78.08000183105469,79.26000213623047,79.26000213623047,371672.0,90.29000091552734,90.29000091552734,90.29000091552734,90.29000091552734,90.29000091552734,0.0
2024-05-22,78.20999908447266,78.41000366210938,77.25,77.56999969482422,77.56999969482422,314145.0,90.31999969482422,90.31999969482422,90.31999969482422,90.31999969482422,90.31999969482422,0.0
2024-05-23,77.29000091552734,78.66000366210938,76.43000030517578,76.87000274658203,76.87000274658203,330273.0,90.31999969482422,90.31999969482422,90.19000244140625,90.31999969482422,90.31999969482422,0.0
2024-05-24,77.04000091552734,78.05000305175781,76.1500015258789,77.72000122070312,77.72000122070312,299075.0,91.62000274658203,91.62000274658203,91.62000274658203,91.62000274658203,91.62000274658203,0.0
2024-05-28,77.80999755859375,80.29000091552734,77.69000244140625,79.83000183105469,79.83000183105469,334074.0,91.62000274658203,91.62000274658203,91.62000274658203,91.62000274658203,91.62000274658203,0.0
2024-05-29,80.26000213623047,80.62000274658203,78.98999786376953,79.2300033569336,79.2300033569336,259594.0,88.56999969482422,88.56999969482422,88.56999969482422,91.62000274658203,91.62000274658203,0.0
2024-05-30,79.27999877929688,79.41999816894531,77.62999725341797,77.91000366210938,77.91000366210938,373779.0,89.56999969482422,89.56999969482422,89.56999969482422,89.56999969482422,89.56999969482422,0.0
2024-05-31,77.91000366210938,78.62000274658203,76.66999816894531,76.98999786376953,76.98999786376953,345120.0,90.41000366210938,90.44999694824219,90.41000366210938,89.56999969482422,89.56999969482422,0.0
2024-06-03,76.97000122070312,77.5199966430664,73.9800033569336,74.22000122070312,74.22000122070312,443271.0,90.41999816894531,90.41999816894531,90.41999816894531,90.41999816894531,90.41999816894531,0.0
2024-06-04,74.0199966430664,74.12999725341797,72.4800033569336,73.25,73.25,408721.0,89.31999969482422,89.31999969482422,89.31999969482422,89.31999969482422,89.31999969482422,0.0
2024-06-05,72.9000015258789,74.33000183105469,72.81999969482422,74.06999969482422,74.06999969482422,307701.0,88.94222259521484,89.10401916503906,88.94015502929688,88.52999877929688,88.52999877929688,0.0
2024-06-06,74.30000305175781,75.79000091552734,74.05999755859375,75.55000305175781,75.55000305175781,291082.0,89.04631805419922,89.20115661621094,88.44346618652344,89.04549407958984,89.04549407958984,0.0
2024-06-07,75.66999816894531,76.25,75.20999908447266,75.52999877929688,75.52999877929688,280253.0,89.32042694091797,89.4208755493164,88.78446960449219,89.32048797607422,89.32048797607422,0.0
2024-06-10,75.3499984741211,78.29000091552734,75.2300033569336,77.73999786376953,77.73999786376953,317031.0,88.8342514038086,89.38182830810547,88.74909210205078,88.8342514038086,88.8342514038086,0.0
2024-06-11,78.12000274658203,78.36000061035156,77.22000122070312,77.9000015258789,77.9000015258789,314874.0,88.87165832519531,89.33208465576172,88.66839599609375,88.8700180053711,88.8700180053711,0.0
2024-06-12,78.22000122070312,79.31999969482422,77.87999725341797,78.5,78.5,322285.0,89.24876403808594,89.41236114501953,88.79013061523438,89.24626922607422,89.24626922607422,0.0
2024-06-13,78.37000274658203,78.88999938964844,77.66999816894531,78.62000274658203,78.62000274658203,307638.0,88.99752044677734,91.74370574951172,85.74546813964844,88.9970932006836,88.9970932006836,0.0
2024-06-14,77.95999908447266,79.1500015258789,77.7300033569336,78.44999694824219,78.44999694824219,245827.0,87.86143493652344,90.24542999267578,87.84871673583984,87.87535095214844,87.87535095214844,0.0
2024-06-17,78.4800033569336,80.66000366210938,77.9800033569336,80.33000183105469,80.33000183105469,126733.0,88.07176971435547,89.50424194335938,88.02775573730469,88.06436157226562,88.06436157226562,0.0
2024-06-18,80.43000030517578,81.66999816894531,79.7699966430664,81.56999969482422,81.56999969482422,140709.0,88.72002410888672,88.87328338623047,86.29747772216797,88.72040557861328,88.72040557861328,0.0
2024-06-20,81.5199966430664,82.41000366210938,81.12999725341797,82.16999816894531,82.16999816894531,420499.0,83.49547576904297,87.74661254882812,83.10307312011719,83.49625396728516,83.49625396728516,0.0
2024-06-21,81.2699966430664,81.79000091552734,80.3499984741211,80.7300033569336,80.7300033569336,290500.0,87.3687973022461,89.50287628173828,87.35282135009766,87.37244415283203,87.37244415283203,0.0
2024-06-24,80.44999694824219,81.77999877929688,80.2300033569336,81.62999725341797,81.62999725341797,271745.0,87.33686065673828,89.24996948242188,86.48577880859375,87.3442153930664,87.3442153930664,0.0
2024-06-25,81.69999694824219,81.9000015258789,80.55000305175781,80.83000183105469,80.83000183105469,286038.0,87.99418640136719,88.25114440917969,86.9433822631836,87.99541473388672,87.99541473388672,0.0
2024-06-26,80.72000122070312,81.62999725341797,80.18000030517578,80.9000015258789,80.9000015258789,308410.0,87.49626159667969,88.64910888671875,86.24335479736328,87.4979476928711,87.4979476928711,0.0
2024-06-27,80.86000061035156,82.04000091552734,80.51000213623047,81.73999786376953,81.73999786376953,306342.0,88.24706268310547,88.2536849975586,84.53910827636719,88.2453842163086,88.2453842163086,0.0
2024-06-28,81.86000061035156,82.72000122070312,80.97000122070312,81.54000091552734,81.54000091552734,260252.0,84.99472045898438,88.24827575683594,84.97923278808594,84.99630737304688,84.99630737304688,0.0
2024-07-01,81.44999694824219,83.63999938964844,81.37999725341797,83.37999725341797,83.37999725341797,345780.0,85.52702331542969,87.54826354980469,84.44300079345703,85.50910186767578,85.50910186767578,0.0
2024-07-02,83.43000030517578,84.37999725341797,82.72000122070312,82.80999755859375,82.80999755859375,367787.0,86.74343872070312,88.67081451416016,86.3349380493164,86.7470474243164,86.7470474243164,0.0
2024-07-03,83.19999694824219,83.93000030517578,82.45999908447266,83.87999725341797,83.87999725341797,289685.0,87.84661102294922,88.48925018310547,87.58927154541016,87.84622192382812,87.84622192382812,0.0
2024-07-08,83.1500015258789,83.31999969482422,82.08000183105469,82.33000183105469,82.33000183105469,251774.0,87.2095718383789,88.9937744140625,87.11943054199219,87.1934585571289,87.1934585571289,0.0
2024-07-09,82.22000122070312,82.4800033569336,81.25,81.41000366210938,81.41000366210938,297325.0,86.6260986328125,88.50398254394531,86.6208724975586,86.61963653564453,86.61963653564453,0.0
2024-07-10,81.80999755859375,82.66000366210938,80.80999755859375,82.0999984741211,82.0999984741211,334380.0,86.4906997680664,88.99746704101562,86.4747085571289,86.4906997680664,86.4906997680664,0.0
2024-07-11,82.4000015258789,83.12999725341797,81.62999725341797,82.62000274658203,82.62000274658203,324170.0,88.34095764160156,88.57530212402344,87.22380065917969,88.34503173828125,88.34503173828125,0.0
2024-07-12,82.86000061035156,83.73999786376953,82.0999984741211,82.20999908447266,82.20999908447266,370062.0,86.99551391601562,88.1502914428711,86.98431396484375,86.99708557128906,86.99708557128906,0.0
2024-07-15,82.16000366210938,82.58000183105469,81.47000122070312,81.91000366210938,81.91000366210938,296520.0,86.7628173828125,88.6043701171875,86.67920684814453,86.76679992675781,86.76679992675781,0.0
2024-07-16,81.91999816894531,81.93000030517578,80.22000122070312,80.76000213623047,80.76000213623047,308186.0,87.99752044677734,88.81465148925781,87.97484588623047,87.99429321289062,87.99429321289062,0.0
2024-07-17,80.8499984741211,83.0999984741211,80.44999694824219,82.8499984741211,82.8499984741211,257437.0,88.49625396728516,88.5052490234375,88.08706665039062,88.49625396728516,88.49625396728516,0.0
2024-07-18,83.11000061035156,83.81999969482422,82.04000091552734,82.81999969482422,82.81999969482422,95704.0,88.49629211425781,88.50596618652344,87.91727447509766,88.4801025390625,88.4801025390625,0.0
2024-07-19,82.47000122070312,82.87999725341797,80.06999969482422,80.12999725341797,80.12999725341797,83795.0,88.3885726928711,88.40564727783203,87.09588623046875,88.39669799804688,88.39669799804688,0.0
2024-07-22,80.38999938964844,80.69000244140625,79.16999816894531,79.77999877929688,79.77999877929688,345235.0,86.88671112060547,88.49951171875,86.88671112060547,86.88471984863281,86.88471984863281,0.0
2024-07-23,78.2699966430664,78.7300033569336,76.4000015258789,76.95999908447266,76.95999908447266,417941.0,87.84342956542969,88.2958984375,86.99027252197266,87.84465789794922,87.84465789794922,0.0
2024-07-24,77.44999694824219,78.19000244140625,76.9800033569336,77.58999633789062,77.58999633789062,355971.0,87.84017944335938,87.86167907714844,86.18406677246094,87.84552001953125,87.84552001953125,0.0
2024-07-25,77.5,78.47000122070312,76.04000091552734,78.27999877929688,78.27999877929688,457288.0,86.24008178710938,86.81993865966797,84.84231567382812,86.23690795898438,86.23690795898438,0.0
2024-07-26,78.3499984741211,78.5999984741211,76.19000244140625,77.16000366210938,77.16000366210938,457288.0,84.993896484375,86.27880096435547,84.97821044921875,84.9942855834961,84.9942855834961,0.0
